Country,Region,Incomelevel,Number of Micro,% Micro Female Option 1,% Micro Female Option 2,Number of Micro - Men Option 1,Number of Micro - Men Option 2,Number of Micro - Women Option 1,Number of Micro - Women Option 2,Micro_Fully Constrained %,Micro_Partly Constrained %,Micro_Unconstrained %,Micro_Fully Constrained,Micro_Partly Constrained,Micro_Unconstrained,Number of SMEs,% Female SME Option 1,% Female SME Option 2,Number of SMEs - Men Option 1,Number of SMEs - Men Option 2,Number of SMEs - Women Option 1,Number of SMEs - Women Option 2,SME_Fully Constrained %,SME_Partly Constrained %,SME_Unconstrained %,SME_Fully Constrained,SME_Partly Constrained,SME_Unconstrained,Male_Fully Constrained %,Male_Partly Constrained %,Male_Unconstrained %,Male_Fully Constrained,Male_Partly Constrained,Male_Unconstrained,Female_Fully Constrained %,Female_Partly Constrained %,Female_Unconstrained %,Female_Fully Constrained,Female_Partly Constrained,Female_Unconstrained,Number of MSMEs,Source - Number of SMEs,Source - Number of Micro Enterprises,Current Volume,Micro: Current Volume,SME: Current Volume,Source - Current Supply,Potential Demand,Micro: Potential Demand,SME: Potential Demand,Finance gap,Micro: Finance Gap,SME: Finance Gap, GDP [2015],Current Volume / GDP,Potential Demand / GDP,Finance Gap / GDP,Finance gap / Current Volume,Micro Women Gap,Micro Men Gap,SME Women Gap,SME Men Gap,Informal2007,Informal Potential Demand,Informal as % of Formal
Afghanistan,South Asia,Low income,"60,154",1.18,1.2,"59,446","59,446",707.6923077,707.6923077,39.2,14.50,46,"23,579","8,722","27,853","15,710",3.08,3.0,"15,226","15,232",483.8709677,478.0058651,42,14,44,"6,647","2,176","6,887",40,14,45,"30,131","10,613","33,928",68,10,22,805.6590427,125.0598068,260.8444258,"75,864",Enterprise Surveys -- rescaled,Enterprise Surveys -- rescaled,"31,962,467",0,"31,962,467",FAS,"4,722,587,159","1,728,057,460","2,994,529,700","4,690,624,693","1,728,057,460","2,962,567,233","19,199,438,848",0,25,24,"14,675",0,"1,728,057,460","113,515,890","2,849,051,343",,0,
Albania,Europe & Central Asia,Upper middle income,"71,371",12.45,11.6,"62,487","63,096","8,884","8,275",9.77,2.81,87,"6,976","2,008","62,387","6,736",5.44,5.4,"6,369","6,369",366.7163324,366.7163324,24,15,60,"1,639","1,028","4,069",16,8,76,"10,850","5,680","52,326",20,9,72,"1,829",797.1252716,"6,625","78,107",MSME Country Indicators 2014 (IFC),MSME Country Indicators 2014 (IFC),"1,678,947,542","352,774,240","1,326,173,302",Predicted,"2,756,917,796","614,726,890","2,142,190,906","1,077,970,254","261,952,650","816,017,604","11,455,595,520",15,24,9,64,"14,149,574","247,803,075","39,542,534","776,475,070",0.329,"1,351,752,541",49
Angola,Sub-Saharan Africa,Upper middle income,"19,371",46.40,46.4,"10,383","10,383","8,988","8,988",43.79,12.47,44,"8,483","2,416","8,472","8,232",30.38,30.4,"5,731","5,731","2,501","2,501",35,9,55,"2,916",761.8921815,"4,554",44,12,44,"7,112","1,912","7,091",26,7,68,"2,960",752.84105,"7,776","27,603",http://www.ine.gov.ao/xportal/xmain?xpid=ine&xpgid=stats&actualmenu=787287&actualmenu=1923589#,http://www.ine.gov.ao/xportal/xmain?xpid=ine&xpgid=stats&actualmenu=787287&actualmenu=1923589#,"2,707,014,766",0,"2,707,014,766",Predicted,"36,885,117,252","901,885,205","35,983,232,048","34,178,102,486","901,885,205","33,276,217,281","102,643,105,792",3,36,33,"1,263","247,329,950","654,555,255","8,796,689,920","24,479,527,361",0.421,"26,819,748,468",73
Antigua and Barbuda,Latin America & Caribbean,High income,"2,292",17.45,17.4,"1,892","1,892",400,400,1.21,22.71,76,27.68043995,520.6215736,"1,744",738,15.94,15.9,620.3904382,620.3904382,117.6095618,117.6095618,9,32,59,63.36488364,236.1057757,438.5293406,6,29,66,139.2647514,724.1223804,"1,649",8,28,64,42.52007086,145.6897479,329.399743,"3,030",Enterprise Surveys -- rescaled,Enterprise Surveys -- rescaled,"97,837,209","8,480,895","89,356,315",Predicted,"385,423,066","55,729,794","329,693,272","287,585,857","47,248,899","240,336,957","1,297,285,376",8,30,22,294,"13,267,828","33,981,071","13,336,235","227,000,723",,0,
Argentina,Latin America & Caribbean,Upper middle income,"418,661",25.64,25.6,"311,337","311,337","107,324","107,324",32.29,48.62,19,"135,167","203,573","79,921","171,120",8.54,8.5,"156,499","156,499","14,621","14,621",20,53,27,"34,693","89,873","46,554",17,57,26,"80,675","266,847","120,314",60,21,19,"73,696","25,251","22,997","589,781","Caracterización y evolución de la cantidad de empresas. Serie annual, 2014","Caracterización y evolución de la cantidad de empresas. Serie annual, 2014","13,240,770,257","2,187,167,026","11,053,603,231",FAS,"99,124,673,392","21,473,165,652","77,651,507,740","85,883,903,135","19,285,998,625","66,597,904,509","583,168,557,056",2,17,15,649,"921,843,447","18,364,155,178","1,756,846,809","64,841,057,700",0.230,"29,608,668,675",30
Armenia,Europe & Central Asia,Lower middle income,"20,417",22.68,20.0,"15,786","16,324","4,631","4,093",28.34,9.47,62,"5,786","1,934","12,697","5,749",17.66,15.1,"4,734","4,882","1,015",867.374425,19,16,65,"1,095",933.1676414,"3,720",24,12,64,"4,871","2,491","13,158",15,21,63,872.1143661,"1,205","3,570","26,166",MSME Country Indicators 2014 (IFC),MSME Country Indicators 2014 (IFC),"1,266,114,349","45,285,617","1,220,828,733",Predicted,"2,411,186,652","173,937,947","2,237,248,705","1,145,072,303","128,652,330","1,016,419,973","10,561,400,832",12,23,11,90,"28,311,518","100,340,812","190,190,360","826,229,613",0.411,"1,682,508,853",70
Azerbaijan,Europe & Central Asia,Upper middle income,"248,292",2.94,2.0,"240,989","243,424","7,303","4,868",35.96,5.43,59,"89,285","13,479","145,528","13,658",2.56,1.8,"13,308","13,405",349.7069701,252.5661451,29,11,60,"3,966","1,526","8,166",31,10,59,"77,758","25,541","150,999",36,0,64,"2,792",0,"4,861","261,950",MSME Country Indicators 2014 (IFC),MSME Country Indicators 2014 (IFC),"6,894,776,091","411,401,769","6,483,374,322",Predicted,"13,700,190,321","2,009,721,902","11,690,468,419","6,805,414,229","1,598,320,133","5,207,094,097","53,047,140,352",13,26,13,99,"8,143,984","1,590,176,149","61,560,736","5,145,533,361",0.520,"14,841,872,847",108
"Bahamas, The",Latin America & Caribbean,High income,"4,446",50.00,50.0,"2,223","2,223","2,223","2,223",12.36,44.89,43,549.6245332,"1,996","1,901","1,812",31.97,32.0,"1,233","1,233",579.3658429,579.3658429,3,30,67,57.10166521,539.5655668,"1,216",4,44,52,128.7008625,"1,532","1,795",12,22,66,326.1264096,628.5801993,"1,848","6,258",Original Gap analysis,Enterprise Surveys -- rescaled,"2,282,670,600","13,843,559","2,268,827,040",Predicted,"2,343,144,614","63,374,123","2,279,770,490","60,474,014","49,530,564","10,943,450","8,884,441,088",26,26,1,3,"15,216,902","34,313,663","847,381","10,096,069",0.262,"831,848,088",36
Bangladesh,South Asia,Lower middle income,"6,900,000",5.58,5.6,"6,514,721","6,514,721","385,279","385,279",40.21,16.13,44,"2,774,169","1,112,901","3,012,930","900,000",4.5,3.6,"859,510","867,289","40,490","32,711",32,16,52,"288,272","147,909","463,819",33,16,51,"2,431,233","1,190,906","3,752,092",42,19,39,"179,529","79,400","166,841","7,800,000",Bangladesh Bureau of Statistics (Economic Units Census) 2013.,Bangladesh Bureau of Statistics (Economic Units Census) 2013.,"18,937,042,371","459,832,985","18,477,209,387",FAS,"57,909,755,748","3,309,652,081","54,600,103,666","38,972,713,376","2,849,819,097","36,122,894,280","195,078,668,288",10,30,20,206,"93,733,935","2,756,085,162","2,410,817,966","33,712,076,313",0.341,"29,965,442,656",52
Barbados,Latin America & Caribbean,High income,"11,862",28.53,28.5,"8,477","8,477","3,385","3,385",0,8.98,91,0,"1,065","10,796","3,302",24.51,24.5,"2,493","2,493",809.3841642,809.3841642,0,32,67,8.891311629,"1,066","2,228",0,23,76,20.82114812,"2,566","8,382",0,14,86,0,605.1735889,"3,589","15,164",Enterprise Surveys -- rescaled,Enterprise Surveys -- rescaled,"245,721,426","523,265","245,198,162",Predicted,"1,098,513,151","219,991,118","878,522,032","852,791,724","219,467,854","633,323,871","4,450,999,808",6,25,19,347,"70,404,007","149,063,847","67,832,503","565,491,367",,0,
Belarus,Europe & Central Asia,Upper middle income,"65,959",33.36,30.2,"43,955","46,048","22,004","19,911",22.32,12.72,65,"14,721","8,388","42,851","14,250",28.39,19.2,"10,205","11,515","4,045","2,735",24,17,59,"3,473","2,430","8,347",24,14,62,"13,219","7,604","33,337",21,17,62,"5,471","4,537","16,042","80,209",MSME Country Indicators 2014 (IFC),MSME Country Indicators 2014 (IFC),"4,492,537,962","57,556,655","4,434,981,307",Predicted,"22,917,405,316","1,585,870,677","21,331,534,639","18,424,867,354","1,528,314,022","16,896,553,332","54,608,961,536",8,42,34,410,"345,785,819","1,182,528,203","4,238,979,151","12,657,574,181",0.433,"17,501,298,945",76
Belize,Latin America & Caribbean,Upper middle income,"5,985",24.42,24.4,"4,523","4,523","1,462","1,462",5.48,55.17,39,328.0302861,"3,302","2,355","1,073",19.95,20.0,859.2375367,859.2375367,214.0762463,214.0762463,6,29,65,59.26645581,313.0797067,700.9676205,7,42,51,386.0045986,"2,239","2,757",0,45,55,0,749.5407495,926.0739584,"7,058",Enterprise Surveys -- rescaled,Enterprise Surveys -- rescaled,"137,114,912","34,177,849","102,937,064",Predicted,"600,070,374","87,099,421","512,970,954","462,955,462","52,921,572","410,033,890","1,763,000,064",8,34,26,338,"5,620,951","47,300,621","58,417,511","351,616,379",0.420,"434,533,719",72
Benin,Sub-Saharan Africa,Low income,"6,446",49.16,49.2,"3,277","3,277","3,169","3,169",53.67,32.80,14,"3,459","2,114",872.1866911,"2,704",16.49,11.4,"2,258","2,396",445.7478006,307.9178886,32,3,65,869.8253944,86.26706876,"1,748",31,14,55,"1,690",797.2006396,"3,048",61,9,30,"2,220",319.8518368,"1,075","9,150",Enterprise Surveys -- rescaled,Enterprise Surveys -- rescaled,"113,662,320","5,035,909","108,626,411",Predicted,"802,867,685","31,922,328","770,945,358","689,205,366","26,886,419","662,318,947","8,476,125,184",1,9,8,606,"22,005,916","4,880,502","75,247,383","587,071,564",0.491,"774,475,508",96
Bhutan,South Asia,Lower middle income,"11,099",43.42,43.4,"6,280","6,280","4,819","4,819",15.41,12.51,72,"1,710","1,388","8,001","8,238",29.88,25.5,"5,777","6,139","2,461.291664","2,099.337008",6,18,76,481.0178725,"1,512.076987","6,245",13,18,69,"1,551","2,193","8,313",6,11,83,449.4475256,808,"6,023","19,337",Annual Report 2017 - Department of Cottage and Small Industr under the Ministry of Economic Affairs,Annual Report 2017 - Department of Cottage and Small Industr under the Ministry of Economic Affairs,"192,401,293","18,862,442","173,538,851",Predicted,"283,790,327","27,691,644","256,098,683","91,389,034","8,829,202","82,559,832","1,962,221,696",10,14,5,48,"1,732,854","7,096,348","15,338,473","67,221,359",0.277,"108,727,414",38
Bolivia,Latin America & Caribbean,Lower middle income,"216,064",44.25,44.2,"120,454","120,454","95,610","95,610",22.97,36.75,40,"49,623","79,403","87,038","9,387",12.46,12.5,"8,217","8,217","1,170","1,170",4,9,87,379.0626133,875.2117457,"8,133",4,17,79,"4,501","21,931","102,239",31,23,46,"29,818","22,520","44,443","225,451",Enterprise Surveys -- rescaled,Enterprise Surveys -- rescaled,"2,224,300,904","1,592,168","2,222,708,736",Predicted,"3,927,376,591","142,387,466","3,784,989,125","1,703,075,687","140,795,298","1,562,280,389","33,196,820,480",7,12,5,77,"29,268,032","111,527,266","72,068,654","1,490,211,735",0.635,"6,832,559,275",174
Bosnia and Herzegovina,Europe & Central Asia,Upper middle income,"151,107",15.49,12.3,"127,707","132,453","23,400","18,654",10.06,18.40,72,"15,195","27,800","108,112","10,188",14.51,8.2,"8,710","9,348","1,478",840.1729679,2,14,84,179.2310263,"1,470","8,539",5,16,80,"6,213","21,681","108,523",3,14,83,699,"3,597","20,583","161,295",MSME Country Indicators 2014 (IFC),MSME Country Indicators 2014 (IFC),"5,332,374,105","247,600,162","5,084,773,943",FAS,"6,107,063,579","386,723,714","5,720,339,865","774,689,474","139,123,552","635,565,923","15,995,392,000",33,38,5,15,"15,346,062","123,777,489","57,900,051","577,665,872",0.328,"2,980,828,652",49
Botswana,Sub-Saharan Africa,Upper middle income,"5,995",23.53,23.5,"4,584","4,584","1,411","1,411",12.27,13.89,74,735.3701588,832.5312478,"4,427","7,142",16.89,16.9,"5,936","5,936","1,206","1,206",8,17,75,539.7505309,"1,232","5,370",8,15,77,824.1126973,"1,580","8,116",15,20,65,398.1802574,521.5481815,"1,697","13,137",MSME Country Indicators 2014 (IFC),MSME Country Indicators 2014 (IFC),"1,425,602,197","260,592,979","1,165,009,218",Predicted,"4,095,233,052",,,"2,669,630,855",,,"14,390,863,872",10,28,19,187,,,,,0.319,"1,918,325,027",47
Brazil,Latin America & Caribbean,Upper middle income,"15,417,259",5.30,5.3,"14,600,078","14,600,078","817,181","817,181",5.34,6.97,88,"822,702","1,074,910","13,519,646","321,193",9.78,9.8,"289,785","289,785","31,408","31,408",9,16,76,"28,422","49,859","242,912",8,12,80,"1,165,290","1,830,157","11,894,416",3,15,82,"26,729","129,277","692,582","15,738,452","As of March 2017, according to SEBRAE (Serviços Brasileiro de Apoio As Micro e Pequenas Empresas)","As of March 2017, according to SEBRAE (Serviços Brasileiro de Apoio As Micro e Pequenas Empresas)","200,330,000,000","4,158,616,416","196,171,383,584",OECD,"683,072,085,985","49,425,045,182","633,647,040,803","482,742,085,985","45,266,428,766","437,475,657,219","1,774,724,841,472",11,38,27,241,"896,996,012","44,369,432,754","14,880,625,230","422,595,031,989",0.366,"394,328,680,553",58
Bulgaria,Europe & Central Asia,Upper middle income,"342,934",28.43,25.2,"245,426","256,332","97,508","86,602",31.57,18.15,50,"108,265","62,249","172,420","28,365",25.76,15.9,"21,059","23,865","7,306","4,500",9,18,73,"2,562","5,184","20,619",22,20,58,"59,457","52,205","154,824",14,14,71,"15,134","14,846","74,834","371,299",MSME Country Indicators 2014 (IFC),MSME Country Indicators 2014 (IFC),"7,495,751,836","452,328,224","7,043,423,612",Predicted,"13,973,950,732","2,709,374,706","11,264,576,026","6,478,198,896","2,257,046,482","4,221,152,415","48,952,958,976",15,29,13,86,"393,860,673","1,863,185,809","1,071,221,950","3,149,930,465",0.327,"6,789,720,489",49
Burkina Faso,Sub-Saharan Africa,Low income,"55,166",2.30,2.3,"53,899","53,899","1,267.327027","1,267.327027",60.5,26.90,13,"33,378","14,840","6,948","5,811",11.04,11.0,"5,169","5,169",642,642,38,28,34,"2,200","1,648","1,963",39,36,25,"22,870","21,172","15,026",41,23,35,790,445,673.1480204,"60,977",Conseil national de la statistique (http://www.cns.bf/IMG/pdf/analyse_rse2010v0final_juin2013-2.pdf),"CNS, http://cns.bf/IMG/pdf/annuaire_mica_2014_vf-2.pdf","382,454,699","20,922,193","361,532,506",Predicted,"1,992,395,584","171,419,295","1,820,976,289","1,609,940,885","150,497,102","1,459,443,783","11,099,472,896",3,18,14,421,"7,795,825","142,701,277","43,244,107","1,416,199,676",0.396,"1,306,272,602",66
Burundi,Sub-Saharan Africa,Low income,"3,411",27.33,27.3,"2,479","2,479",932.1987578,932.1987578,10.67,38.03,51,363.9565577,"1,297","1,750",388,12.77,6.8,338.4680851,361.5829787,49.53191489,26.41702128,7,31,62,26.15255111,120.5866338,241.2608151,9,29,63,240.9311425,805.8996247,"1,770",4,54,42,35.61454263,530.9546816,415.1614485,"3,799",MSME Country Indicators 2014 (IFC),MSME Country Indicators 2014 (IFC),"227,941,840","18,825,249","209,116,591",FAS,"718,911,728","26,836,680","692,075,048","490,969,888","8,011,431","482,958,457","3,085,184,768",7,23,16,215,"2,178,808","5,832,623","22,064,308","460,894,149",0.396,"471,339,477",66
Cambodia,East Asia & Pacific,Lower middle income,"363,638",52.73,52.7,"171,877","171,877","191,761","191,761",17.08,14.95,68,"62,108","54,380","247,150","12,431",34.51,34.4,"8,141","8,155","4,290","4,276",17,18,65,"2,064","2,291","8,076",18,17,65,"32,453","30,934","116,630",16,15,69,"30,594","30,192","135,266","376,069",MSME Country Indicators 2014 (IFC),MSME Country Indicators 2014 (IFC),"571,765,294","62,264,893","509,500,401",Predicted,"4,281,103,339","1,534,016,618","2,747,086,721","3,709,338,045","1,471,751,725","2,237,586,320","18,049,953,792",3,24,21,649,"761,553,595","710,198,130","412,161,675","1,825,424,645",0.460,"3,646,865,807",85
Cameroon,Sub-Saharan Africa,Lower middle income,"70,477",32.13,32.1,"47,833","47,882","22,644","22,595",22.67,37.94,39,"15,976","26,741","27,760","22,553",28.61,28.6,"16,099","16,099","6,453","6,453",12,30,57,"2,802","6,836","12,915",18,38,44,"11,652","24,364","27,915",18,27,55,"5,105","7,968","16,025","93,030",MSME Country Indicators 2014 (IFC),MSME Country Indicators 2014 (IFC),"1,661,946,877","18,249,394","1,643,697,482",Predicted,"10,376,841,133","948,094,971","9,428,746,162","8,714,894,256","929,845,576","7,785,048,680","29,198,372,864",6,36,30,524,"83,541,292","846,304,285","643,382,870","7,141,665,810",0.314,"4,749,749,440",46
Cape Verde,Sub-Saharan Africa,Lower middle income,"7,246",11.89,11.9,"6,385","6,385",861.5384615,861.5384615,23.24,36.16,41,"1,684","2,620","2,942","2,473",9.2,9.2,"2,245","2,245",227.3655702,227.3655702,5,48,47,130.093859,"1,188","1,154",25,37,38,"2,150","3,179","3,301",0,57,43,0,625.9560048,462.948027,"9,719",Original Gap analysis,Enterprise Surveys -- rescaled,"232,061,311","56,690,633","175,370,678",Predicted,"522,180,039","64,721,333","457,458,706","290,118,728","8,030,700","282,088,028","1,629,760,000",14,32,18,125,"2,648,039","5,382,661","1,202,192","280,885,836",0.334,"261,874,074",50
Central African Republic,Sub-Saharan Africa,Low income,"1,062",24.29,24.3,803.7362637,803.7362637,257.8021978,257.8021978,27.53,49.58,23,292.2803818,526.3564696,242.9016102,"21,264",18.44,18.4,"17,343","17,343","3,921","3,921",9,50,40,"1,938","10,730","8,596",16,53,31,"2,950","9,535","5,662",12,39,49,487.0315953,"1,635","2,057","22,326",Original Gap analysis,Enterprise Surveys -- rescaled,"30,623,390","8,897,033","21,726,358",Predicted,"273,544,126","13,736,476","259,807,650","242,920,736","4,839,443","238,081,293","1,503,299,968",2,18,16,793,"952,968","3,886,475","38,143,046","199,938,247",0.451,"224,714,756",82
Chad,Sub-Saharan Africa,Low income,"3,938",1.96,2.0,"3,861","3,861",77.22473605,77.22473605,25.68,19.82,54,"1,011",780.6385231,"2,147","1,232",7.88,7.9,"1,135","1,135",97.00515821,97.00515821,20,25,55,247.4564247,308.3190412,675.8960883,18,20,62,901.0535176,"1,001","3,094",5,22,73,7.864729969,38.79327138,127.5718929,"5,170",Enterprise Surveys -- rescaled,Enterprise Surveys -- rescaled,"282,238,635","67,456,840","214,781,795",FAS,"1,416,310,911","69,630,033","1,346,680,878","1,134,072,276","2,173,193","1,131,899,083","10,888,798,208",3,13,10,402,"150,696","2,022,497","14,193,921","1,117,705,162",0.422,"1,034,053,987",73
Chile,Latin America & Caribbean,High income,"637,111",17.29,17.3,"526,946","526,946","110,165","110,165",2,23.78,74,"12,721","151,493","472,897","196,974",3.15,3.2,"190,771","190,771","6,203","6,203",2,9,89,"3,140","17,624","176,209",1,11,88,"9,985","75,731","632,001",6,21,73,"6,824","24,869","84,675","834,085",MSME Country Indicators 2014 (IFC),MSME Country Indicators 2014 (IFC),"21,856,804,104","434,223,940","21,422,580,164",FAS,"30,290,227,399",,,"8,433,423,295",,,"240,215,703,552",9,13,4,39,,,,,0.185,"6,875,695,790",23
China,East Asia & Pacific,Upper middle income,"54,000,000",54.66,54.7,"24,483,312","24,483,312","29,516,688","29,516,688",35.39,5.63,59,"19,110,906","3,041,663","31,847,431","20,000,000",35.29,35.3,"12,942,099","12,942,099","7,057,901","7,057,901",36,7,58,"7,182,869","1,316,082","11,501,049",38,7,55,"14,176,654","2,757,824","20,490,933",33,5,62,"12,001,392","1,838,469","22,734,727","74,000,000",Small and Medium-sized Enterprises Promotion Plan (2016-2020) by Ministry of Industry and Information Technology in 2016,Small and Medium-sized Enterprises Promotion Plan (2016-2020) by Ministry of Industry and Information Technology in 2016,"2,483,952,766,729","26,869,860,211","2,457,082,906,518",Central Bank (2015) “Annual Statistical Report on Financial Institutions’ Loan Investment”. http://www.gov.cn/xinwen/2016-01/22/5035391/files/0525c1dba98c4c00bee8d7b56693341f.pdf,"4,374,280,889,891","112,234,528,621","4,262,046,361,270","1,890,328,123,161","85,364,668,409","1,804,963,454,752","10,866,444,468,224",23,40,17,76,"52,319,854,220","33,044,814,189","1,135,055,111,257","669,908,343,496",0.119,"590,850,653,686",14
Colombia,Latin America & Caribbean,Upper middle income,"2,272,200",14.74,14.7,"1,937,301","1,937,301","334,899","334,899",0.16,13.73,86,"3,692","312,020","1,956,488","144,024",9.15,9.2,"130,849","130,849","13,175","13,175",7,37,56,"9,971","53,146","80,907",4,25,71,"82,075","516,529","1,469,546",1,29,70,"1,763","100,952","245,360","2,416,224",http://www.dinero.com/edicion-impresa/pymes/articulo/evolucion-y-situacion-actual-de-las-mipymes-en-colombia/222395,http://www.dinero.com/edicion-impresa/pymes/articulo/evolucion-y-situacion-actual-de-las-mipymes-en-colombia/222395,"19,080,000,000","2,265,179,353","16,814,820,647",Country Source : Superintendency of Banks (Feb 2018),"57,692,977,723","6,199,069,792","51,493,907,931","38,612,977,723","3,933,890,439","34,679,087,284","292,080,156,672",7,20,13,202,"1,133,599,271","2,800,291,167","4,284,744,018","30,394,343,266",0.335,"30,618,788,303",53
"Congo, Dem. Rep.",Sub-Saharan Africa,Low income,"10,015",16.74,16.7,"8,338","8,338","1,677","1,677",45.93,17.76,36,"4,600","1,779","3,636","309,075",5.81,5.6,"291,129","291,793","17,946","17,282",36,17,47,"111,002","53,340","144,733",40,19,41,"121,063","57,071","121,334",52,7,40,"10,244","1,470","7,909","319,090",Original Gap analysis,Enterprise Surveys -- rescaled,"446,934,153","107,054,383","339,879,771",Predicted,"9,751,449,984","2,572,079,045","7,179,370,939","9,304,515,830","2,465,024,662","6,839,491,168","35,237,740,544",1,28,26,"2,082","36,980,826","2,428,043,836","306,533,710","6,532,957,459",0.467,"8,543,953,363",88
Costa Rica,Latin America & Caribbean,Upper middle income,"24,080",9.61,9.6,"21,767","21,767","2,313","2,313",44.58,9.32,46,"10,734","2,245","11,101","11,565",13.67,13.7,"9,985","9,985","1,580","1,580",14,15,71,"1,598","1,779","8,188",19,14,67,"6,102","4,428","21,221",44,12,44,"1,703.433581",485.25029,"1,705","35,645","Country source : Directorio de Empresas y Establecimientos 2017
http://www.inec.go.cr/sites/default/files/documetos-biblioteca-virtual/redee2017.pdf","Country source : Directorio de Empresas y Establecimientos 2017
http://www.inec.go.cr/sites/default/files/documetos-biblioteca-virtual/redee2017.pdf","5,050,556,846","259,918,992","4,790,637,854",Predicted,"9,815,582,435",,,"4,765,025,589",,,"51,106,697,216",10,19,9,94,,,,,0.240,"3,099,657,611",32
Côte d'Ivoire,Sub-Saharan Africa,Lower middle income,"104,092",21.65,20.7,"81,551","82,561","22,541","21,532",43.48,20.25,36,"45,260","21,083","37,750","55,000",10.85,9.0,"49,032","50,048","5,968","4,952",27,17,55,"15,111","9,589","30,300",33,19,48,"42,509","25,113","62,962",49,16,34,"14,080","4,690","9,739","159,092",http://www.entrepreneuriat.gouv.ci/source/Strategie%20PME%20RCI_Rapport%20_%203.pdf,Enterprise Surveys -- rescaled,"1,426,843,718","10,280,050","1,416,563,667",Predicted,"3,782,129,233","192,348,739","3,589,780,494","2,355,285,515","182,068,688","2,173,216,827","31,752,544,256",4,12,7,165,"56,568,551","125,500,137","87,443,463","2,085,773,364",,0,
Croatia,Europe & Central Asia,High income,"140,928",36.09,26.2,"90,067","104,011","50,861","36,917",18.41,16.11,65,"25,941","22,705","92,282","12,334",19.55,10.6,"9,922","11,026","2,412","1,308",11,26,63,"1,335","3,189","7,810",11,21,68,"10,688","21,323","67,979",23,24,53,"12,014","12,805","28,453","153,262",MSME Country Indicators 2014 (IFC),MSME Country Indicators 2014 (IFC),"7,256,471,842","815,374,648","6,441,097,195",Predicted,"16,753,026,173","2,763,879,453","13,989,146,721","9,496,554,331","1,948,504,805","7,548,049,526","48,732,004,352",15,34,19,131,"654,229,736","1,294,275,069","1,560,078,901","5,987,970,625",0.304,"7,317,413,731",44
Czech Republic,Europe & Central Asia,High income,"897,895",23.00,20.9,"691,404","710,135","206,491","187,760",0,6.88,93,0,"61,746","836,149","41,154",14.91,7.2,"35,018","38,183","6,136","2,971",4,7,90,"1,463","2,801","36,890",3,8,88,"23,096","60,717","642,610",0,0,100,0,839,"211,788","939,049",MSME Country Indicators 2014 (IFC),MSME Country Indicators 2014 (IFC),"29,935,445,460","3,874,932,224","26,060,513,236",FAS,"101,426,592,391","8,098,314,988","93,328,277,404","71,491,146,931","4,223,382,764","67,267,764,167","181,811,019,776",16,56,39,239,"64,389,647","4,158,993,117","1,046,561,441","66,221,202,726",0.170,"20,774,121,333",20
Djibouti,Middle East & North Africa,Lower middle income,"2,031",16.67,16.7,"1,692","1,692",338.4615385,338.4615385,7.96,1.06,91,161.6099957,21.44832848,"1,848",774.1935484,18.18,16.3,633.431085,648.0938416,140.7624633,126.0997067,4,12,84,28.75377214,91.41064502,654.0291312,4,7,89,93.0433399,174.0895045,"2,059",10,12,78,49.00384611,56.50426261,373.7158931,"2,805",Enterprise Surveys -- rescaled,Enterprise Surveys -- rescaled,"65,413,570","39,089,207","26,324,363",Predicted,"211,972,304","51,896,660","160,075,645","146,558,734","12,807,453","133,751,281","1,589,025,920",4,13,9,224,"1,276,147","11,531,306","20,305,369","113,445,913",,0,
Dominica,Latin America & Caribbean,Upper middle income,"2,046",25.56,25.6,"1,523","1,523",523.0769231,523.0769231,2.16,45.99,52,44.20306154,941.0036462,"1,061",387.0967742,34.85,34.8,252.1994135,252.1994135,134.8973607,134.8973607,9,40,51,35.67221604,155.8276997,195.5968585,2,40,58,41.25467151,712.9551611,"1,021",15,52,34,95.60703896,340.6127695,221.7544753,"2,433",Enterprise Surveys -- rescaled,Enterprise Surveys -- rescaled,"57,579,279","6,143,575","51,435,704",Predicted,"126,676,252","26,215,310","100,460,942","69,096,974","20,071,735","49,025,239","537,777,792",11,24,13,120,"4,983,564","15,088,171","11,515,033","37,510,205",,0,
Dominican Republic,Latin America & Caribbean,Upper middle income,"772,899",4.64,4.6,"737,002","737,002","35,897","35,897",0,25.15,75,0,"194,395","578,504","18,337",9.91,9.9,"16,520","16,520","1,817","1,817",4,33,63,701.7231003,"6,054","11,581",3,31,66,"23,973","232,424","497,126",0,33,67,0,"12,409","25,305","791,236",FondoMicro 2014 y MIC. SME population's distribution between Small/Medium is 70/30 based on the IFC expert estimate,FondoMicro 2014 y MIC. SME population's distribution between Small/Medium is 70/30 based on the IFC expert estimate,"3,474,739,423","97,348,154","3,377,391,269","Country: Source 1: http://www.bancentral.gov.do:8080/english/statistics.asp?a=Monetary_and_Financial_Sector
Source 2: http://sb.gob.do/transparencia-estad%C3%ADsticas-institucionales/estad%C3%ADsticas-financieras-mensuales-y-trimestrales","16,434,099,575","688,434,209","15,745,665,366","12,959,360,152","591,086,055","12,368,274,097","67,103,264,768",5,24,19,373,"39,548,796","551,537,258","1,249,782,820","11,118,491,277",0.305,"7,212,086,864",44
Ecuador,Latin America & Caribbean,Upper middle income,"631,430",14.70,14.7,"538,588","538,588","92,842","92,842",10.95,14.64,74,"69,127","92,447","469,856","69,569",10.9,10.9,"61,986","61,986","7,583","7,583",2,29,69,"1,167","20,464","47,938",6,23,71,"34,959","141,065","424,549",0,28,72,0,"28,574","71,851","700,999",MSME Country Indicators 2014 (IFC),MSME Country Indicators 2014 (IFC),"4,049,685,700","434,747,425","3,614,938,275",Predicted,"21,987,494,656","2,643,284,796","19,344,209,860","17,937,808,957","2,208,537,371","15,729,271,585","100,871,766,016",4,22,18,443,"266,916,445","1,941,620,926","1,278,484,343","14,450,787,242",0.304,"9,603,733,298",44
"Egypt, Arab Rep.",Middle East & North Africa,Lower middle income,"2,447,533",7.71,6.5,"2,258,848","2,288,694","188,685","158,839",21.01,12.36,67,"514,325","302,561","1,630,647","6,034",6.14,5.2,"5,663","5,723",370.6953997,310.7109513,15,9,76,916.0310956,515.1948914,"4,603",17,10,73,"392,194","224,899","1,647,418",17,10,73,"32,978","18,895","137,183","2,453,567",MSME Country Indicators 2014 (IFC),MSME Country Indicators 2014 (IFC),"2,819,748,677","155,950,519","2,663,798,158",Predicted,"49,542,106,867","7,879,558,431","41,662,548,436","46,722,358,190","7,723,607,912","38,998,750,277","330,778,542,080",1,15,14,"1,657","925,818,116","6,797,789,796","1,587,920,184","37,410,830,094",0.331,"24,511,864,534",49
Eritrea,Sub-Saharan Africa,Low income,"3,662",2.11,2.1,"3,584","3,584",77.24764687,77.24764687,1.28,0.64,98,46.98165606,23.49082803,"3,591",903.2258065,1.62,1.6,888.5630499,888.5630499,14.6627566,14.6627566,13,7,80,119.1618035,62.51022933,721.5537736,3,6,92,130.6729205,249.5191287,"4,093",0,0,100,0,0,91.91040347,"4,565",Enterprise Surveys -- rescaled,Enterprise Surveys -- rescaled,0,0,0,,"120,143,080","28,816,282","91,326,798",0,0,0,,,,,,0,0,0,0,0.414,"84,879,241",71
Estonia,Europe & Central Asia,High income,"59,372",29.98,17.6,"41,570","48,899","17,802","10,473",9.05,2.28,89,"5,372","1,352","52,647","6,535",18.73,14.1,"5,311","5,613","1,224",921.6025641,2,12,86,151.0061017,771.5296785,"5,612",6,4,90,"2,641","1,990","42,249",5,18,78,909.7977888,"3,357","14,759","65,907",MSME Country Indicators 2014 (IFC),MSME Country Indicators 2014 (IFC),"2,253,754,880","355,354,449","1,898,400,431",OECD,"7,527,165,688","1,178,004,095","6,349,161,593","5,273,410,808","822,649,646","4,450,761,162","22,691,483,648",10,33,23,234,"143,253,187","679,396,459","377,520,635","4,073,240,526",0.295,"3,149,665,075",42
Ethiopia,Sub-Saharan Africa,Low income,"91,862",32.24,30.1,"62,246","64,185","29,615","27,677",53.09,18.52,28,"48,768","17,011","26,082","44,771",16.39,7.8,"37,433","41,276","7,338","3,495",26,16,59,"11,582","6,992","26,197",34,15,51,"33,657","15,142","50,880",47,22,30,"17,466","8,228","11,259","136,633",MSME Country Indicators 2014 (IFC),Enterprise Surveys -- rescaled,"1,687,733,587","101,598,636","1,586,134,952",Predicted,"5,977,897,430","460,199,050","5,517,698,380","4,290,163,843","358,600,415","3,931,563,428","61,537,144,832",3,10,7,254,"132,734,704","225,865,711","264,828,848","3,666,734,580",0.351,"3,233,038,518",54
Fiji,East Asia & Pacific,Upper middle income,"7,354",9.01,9.0,"6,691","6,691",662.9253346,662.9253346,0,3.68,96,0,270.3412584,"7,084","2,657",10.72,10.7,"2,372","2,372",284.7717957,284.7717957,4,11,86,98.47424492,284.0858549,"2,274",2,7,91,213.7628523,590.1080162,"8,259",0,18,82,0,170.5429974,777.1541329,"10,011",Enterprise Surveys -- rescaled,Enterprise Surveys -- rescaled,"251,675,667","2,438,132","249,237,535",FAS,"1,336,505,939","202,114,717","1,134,391,222","1,084,830,273","199,676,586","885,153,687","4,386,008,576",6,30,25,431,"4,393,819","195,282,767","70,798,523","814,355,164",0.326,"646,440,558",48
"Gambia, The",Sub-Saharan Africa,Low income,"1,646",22.43,22.4,"1,277","1,277",369.2307692,369.2307692,15.02,54.82,30,247.2523077,902.4429385,496.4586,"7,912",20.31,20.3,"6,305","6,305","1,607","1,607",6,48,46,509.3398939,"3,761","3,642",9,50,41,685.7250936,"3,758","3,139",19,29,52,379.0525354,568,"1,029.010803","9,558",Original Gap analysis,Enterprise Surveys -- rescaled,"50,651,573","268,620","50,382,953",Predicted,"148,604,853","14,582,904","134,021,949","97,953,281","14,314,284","83,638,997","850,903,168",6,17,12,193,"2,237,611","12,076,673","15,697,054","67,941,943",0.409,"102,841,599",69
Georgia,Europe & Central Asia,Upper middle income,"50,892",32.69,25.9,"34,257","37,723","16,636","13,169",20.61,4.00,75,"10,490","2,035","38,367","55,966",27.27,18.2,"40,705","45,772","15,261","10,194",13,3,84,"7,158","1,655","47,153",18,2,80,"13,229","1,747","59,985",26,66,9,"8,164","21,012","2,721","106,858",MSME Country Indicators 2014 (IFC),Enterprise Surveys -- rescaled,"1,169,986,126","159,654,152","1,010,331,974",FAS,"3,656,780,528","542,747,724","3,114,032,804","2,486,794,402","383,093,572","2,103,700,830","13,965,385,728",8,26,18,213,"105,178,085","277,915,486","899,344,727","1,204,356,103",0.621,"5,991,716,908",164
Ghana,Sub-Saharan Africa,Lower middle income,"67,739",26.84,18.7,"49,560","55,079","18,179","12,661",39.04,37.46,24,"26,445","25,376","15,919","92,250",17.62,15.1,"75,999","78,287","16,251","13,963",36,36,28,"32,751","33,315","26,184",36,38,26,"45,513","47,356","32,690",12,6,81,"4,298","2,106","28,026","159,989",Bastiat Ghana SME study,Enterprise Surveys -- rescaled,"2,738,047,528","47,247,639","2,690,799,889",Predicted,"7,730,853,653","249,956,141","7,480,897,512","4,992,806,125","202,708,503","4,790,097,623","37,864,370,176",7,20,13,182,"29,884,463","172,824,039","212,871,980","4,577,225,643",0.383,"4,798,892,949",62
Grenada,Latin America & Caribbean,Upper middle income,"1,508",39.80,39.8,907.6923077,907.6923077,600,600,5.97,44.25,50,90.00973867,667.0923418,750.5902273,442.8152493,25.83,25.8,328.4457478,328.4457478,114.3695015,114.3695015,1,14,85,6.371742484,61.19573294,375.2477738,3,13,83,39.10990412,166.1714557,"1,031",41,32,26,294.7561711,231.9857985,187.6275318,"1,951",Enterprise Surveys -- rescaled,Enterprise Surveys -- rescaled,"89,347,054","8,105,731","81,241,323",Predicted,"265,259,775","25,792,805","239,466,970","175,912,721","17,687,074","158,225,648","978,148,160",9,27,18,197,"5,725,052","11,962,022","15,631,256","142,594,391",,0,
Guatemala,Latin America & Caribbean,Lower middle income,"330,767",40.38,40.4,"197,213","197,213","133,554","133,554",25.79,16.09,58,"85,310","53,215","192,242","40,409",16.28,16.3,"33,830","33,830","6,579","6,579",15,20,65,"5,951","8,008","26,450",20,19,61,"46,538","43,809","140,696",3,48,48,"4,647","67,697","67,789","371,176","Ministry of Finance, National System of MSME Information (2015)","Ministry of Finance, National System of MSME Information (2015)","2,348,000,000","351,000,000","1,997,000,000",Country Source: Superintency of Banks (April 2018),"16,520,652,014","790,014,698","15,730,637,317","14,172,652,014","439,014,698","13,733,637,317","63,794,348,032",4,26,22,604,"256,426,918","182,587,779","903,826,872","12,829,810,445",0.479,"15,188,852,812",92
Guinea,Sub-Saharan Africa,Low income,"11,508",6.34,6.3,"10,778","10,778",729.7560976,729.7560976,22.71,21.08,56,"2,613","2,426","6,468","1,176",10.22,7.2,"1,056","1,091",120.2346041,85.04398827,23,20,57,268.6744424,239.2516701,668.0269667,23,21,57,"2,687","2,429","6,718",15,17,68,124.4253191,144.2683156,581.297067,"12,684",Enterprise Surveys -- rescaled,Enterprise Surveys -- rescaled,"79,019,051","8,631,258","70,387,793",FAS,"1,263,584,127","673,721,874","589,862,254","1,184,565,076","665,090,616","519,474,460","6,699,203,584",1,19,18,"1,499","480,751,333","184,339,283","26,756,685","492,717,775",0.392,"814,679,240",64
Guinea-Bissau,Sub-Saharan Africa,Low income,"2,985",17.53,17.5,"2,462","2,462",523.0769231,523.0769231,42.37,50.44,7,"1,265","1,505",214.4326769,"7,418",9.28,9.3,"6,730","6,730",688.2496447,688.2496447,27,67,6,"2,018","4,961",438.8594036,41,53,6,"3,799","4,840",551.9718288,24,24,51,295.0800949,295.0800949,621.1663781,"10,402",Original Gap analysis,Enterprise Surveys -- rescaled,"33,211,702","1,738,453","31,473,249",Predicted,"163,261,842","98,170,309","65,091,532","130,050,139","96,431,856","33,618,283","1,056,851,008",3,15,12,392,"7,350,637","89,081,219","2,649,755","30,968,528",0.416,"116,296,106",71
Guyana,Latin America & Caribbean,Upper middle income,"22,000",11.11,11.1,"19,556","19,556","2,444","2,444",0,27.46,73,0,"6,042","15,958",765.3958944,24.9,24.9,574.7800587,574.7800587,190.6158358,190.6158358,2,21,76,17.0969551,162.9799366,585.3190027,2,22,75,480.8141056,"4,495","15,155",15,73,11,406.2264342,"1,927.230561",302,"22,765",Enterprise Surveys -- rescaled,Enterprise Surveys -- rescaled,"619,118,537","9,503,923","609,614,614",Predicted,"736,513,302","14,569,681","721,943,622","117,394,765","5,065,758","112,329,007","3,166,029,056",20,23,4,19,"493,680","4,572,077","37,812,706","74,516,301",0.340,"379,415,944",52
Honduras,Latin America & Caribbean,Lower middle income,"96,175",38.31,38.3,"59,335","59,335","36,840","36,840",29.17,7.54,63,"28,056","7,251","60,868","31,155",23.14,23.1,"23,945","23,945","7,210","7,210",22,20,58,"6,913","6,105","18,137",31,14,55,"25,760","11,738","45,782",0,23,77,0,"9,994","34,055","127,330",MSME Country Indicators 2014 (IFC),MSME Country Indicators 2014 (IFC),"1,136,203,890","327,202,461","809,001,429",Predicted,"4,122,398,643","1,280,411,818","2,841,986,825","2,986,194,753","953,209,357","2,032,985,396","20,152,043,520",6,20,15,263,"52,947,678","900,261,679","179,020,360","1,853,965,036",0.451,"3,386,524,204",82
Hungary,Europe & Central Asia,High income,"658,310",29.18,19.5,"466,201","529,740","192,109","128,570",13.43,20.26,66,"88,386","133,403","436,521","31,200",24.14,17.9,"23,667","25,611","7,533","5,589",16,8,76,"5,000","2,520","23,680",14,14,72,"68,690","69,115","352,062",13,12,75,"26,205","23,641","149,795","689,510",MSME Country Indicators 2014 (IFC),MSME Country Indicators 2014 (IFC),"17,264,339,344","517,141,414","16,747,197,931",FAS,"53,976,374,966","14,151,240,023","39,825,134,942","36,712,035,622","13,634,098,610","23,077,937,012","120,687,140,864",14,45,30,213,"3,667,693,527","9,966,405,083","2,513,326,688","20,564,610,324",0.237,"16,765,925,120",31
India,South Asia,Lower middle income,"63,052,000",7.36,6.7,"58,409,698","58,844,347","4,642,302","4,207,653",13.64,21.22,65,"8,601,045","13,378,413","41,072,542","336,000",6.1,4.5,"315,502","320,906","20,498","15,094",17,32,51,"58,502","107,290","170,208",17,29,54,"9,777,977","17,315,333","31,631,890",17,12,70,"802,841","579,447","3,280,513","63,388,000","Annual Report 2017-18 - Ministry of Micro, Small and Medium Enterprises","Annual Report 2017-18 - Ministry of Micro, Small and Medium Enterprises","139,455,882,221","4,327,777,769","135,128,104,452",FAS,"369,518,752,038","13,283,604,912","356,235,147,126","230,062,869,817","8,955,827,143","221,107,042,674","2,073,542,918,144",7,18,11,165,"566,969,104","8,388,858,039","19,598,639,297","201,508,403,378",0.207,"96,456,975,627",26
Indonesia,East Asia & Pacific,Lower middle income,"62,106,900",23.72,23.7,"47,375,993","47,375,993","14,730,907","14,730,907",22.46,29.99,48,"13,948,514","18,628,053","29,530,333","815,717",17.01,15.7,"676,928","687,718","138,789","127,999",18,31,52,"143,778","250,122","421,816",20,32,48,"9,441,146","15,433,366","23,178,409",12,27,60,"1,825,565","4,048,091","8,996,040","62,922,617","BAPPENAS (Ministry of Planning), 2017","BAPPENAS (Ministry of Planning), 2017","56,612,630,954","9,133,882,622","47,478,748,332",FAS,"222,465,176,826","82,154,155,068","140,311,021,758","165,852,545,872","73,020,272,445","92,832,273,426","861,933,993,984",7,26,19,293,,,"21,179,585,906","71,652,687,520",0.179,"48,503,369,856",22
Iraq,Middle East & North Africa,Upper middle income,"180,723",5.19,5.2,"171,338","171,338","9,385","9,385",24.35,25.79,50,"44,001","46,616","90,107","43,887",8.03,8.0,"40,362","40,362","3,525","3,525",23,37,39,"10,210","16,411","17,266",25,34,41,"52,841","71,309","87,551",23,24,53,"3,016","3,096.700014","6,797","224,610",MSME Country Indicators 2014 (IFC),Enterprise Surveys -- rescaled,"1,501,801,029","161,844,011","1,339,957,018",FAS,"71,351,505,689","32,079,723,573","39,271,782,115","69,849,704,659","31,917,879,562","37,931,825,097","168,606,679,040",1,42,41,"4,651","2,522,976,778","29,394,902,785","4,719,069,664","33,212,755,433",,0,
Jamaica,Latin America & Caribbean,Upper middle income,"6,665",15.60,15.6,"5,625","5,625","1,040","1,040",0,20.03,80,0,"1,335","5,330","3,773",20.64,20.6,"2,994","2,994",778.7813384,778.7813384,1,53,46,54.1267451,"1,990","1,729",1,47,52,114.7702021,"4,063","4,442",11,5,83,208.9185648,93.76345056,"1,516.028401","10,438",MSME Country Indicators 2014 (IFC),MSME Country Indicators 2014 (IFC),"432,143,613","14,857,196","417,286,417",Predicted,"3,149,782,169","92,502,258","3,057,279,911","2,717,638,556","77,645,062","2,639,993,494","14,005,654,528",3,22,19,629,"11,209,089","66,435,973","288,728,124","2,351,265,370",0.325,"1,516,561,785",48
Jordan,Middle East & North Africa,Upper middle income,"143,362",4.97,2.1,"136,239","140,320","7,123","3,042",21.38,20.29,58,"30,658","29,089","83,615","12,698",8.51,7.1,"11,617","11,792","1,081",905.7273152,12,19,69,"1,587","2,373","8,738",17,19,64,"24,742","28,471","94,642",1,48,51,53,"3,955","4,196","156,060",MSME Country Indicators 2014 (IFC),MSME Country Indicators 2014 (IFC),"2,308,450,774","498,268,391","1,810,182,383",FAS,"8,890,569,828","1,194,958,283","7,695,611,545","6,582,119,054","696,689,892","5,885,429,162","37,517,410,304",6,24,18,285,"64,592,946","632,096,946","107,258,160","5,778,171,002",0.172,"1,846,833,346",21
Kazakhstan,Europe & Central Asia,Upper middle income,"1,111,000",30.19,28.6,"775,640","792,847","335,360","318,153",17.8,31.75,50,"197,788","352,733","560,480","179,000",19.05,12.0,"144,895","157,554","34,105","21,446",17,20,63,"30,281","35,600","113,119",15,24,60,"142,214","223,815","554,506",19,23,58,"70,674","83,940","214,851","1,290,000",https://www.damu.kz/content/files/OtchetOSostoyaniiRazvitiyaMalogoISrednegoPredprinimatelstvaVKazakhstaneIEgoRegionakh2015.pdf,https://www.damu.kz/content/files/OtchetOSostoyaniiRazvitiyaMalogoISrednegoPredprinimatelstvaVKazakhstaneIEgoRegionakh2015.pdf,"14,267,900,000","437,309,316","13,830,590,684",Bank of Kazakhstan (2018,"56,580,784,307","4,010,252,626","52,570,531,681","42,312,884,307","3,572,943,310","38,739,940,997","184,360,632,320",8,31,23,297,"1,208,195,659","2,364,747,651","4,372,956,707","34,366,984,290",0.384,"35,271,138,269",62
Kenya,Sub-Saharan Africa,Lower middle income,"1,438,781",33.97,22.8,"950,015","1,110,891","488,766","327,890",17.46,24.57,58,"251,234","353,470","834,077","121,719",22.87,16.5,"93,881","101,658","27,838","20,061",11,20,70,"12,842","23,832","85,045",11,22,67,"116,786","228,640","698,470",23,18,59,"118,321","95,038","303,245","1,560,500","Kenya National Bureau od Statistics, MSME Survey Report, September 2016","Kenya National Bureau od Statistics, MSME Survey Report, September 2016","3,854,957,054","69,208,098","3,785,748,956","Country: Finaccess study ""Bank financing to SMEs in Kenya"", 2015. Data as of 2013.","23,181,289,679","1,154,828,372","22,026,461,307","19,326,332,625","1,085,620,274","18,240,712,351","63,398,039,552",6,37,30,501,"822,779,117","262,841,157","1,870,175,844","16,370,536,507",0.295,"9,699,972,277",42
Kosovo,Europe & Central Asia,Lower middle income,"102,070",13.33,10.4,"88,461","91,485","13,609","10,585",12.89,15.52,72,"13,159","15,846","73,065","1,627",6.61,3.9,"1,519","1,563",107.6225681,63.5546875,10,26,64,160.6957724,421.3390096,"1,045",10,22,68,"9,383","19,489","61,108",18,20,62,"2,496","2,681","8,539","103,697",MSME Country Indicators 2014 (IFC),MSME Country Indicators 2014 (IFC),"1,653,642,974","91,681,073","1,561,961,901",FAS,"1,995,896,118","95,981,259","1,899,914,858","342,253,144","4,300,186","337,952,958","6,385,937,920",26,31,5,21,"162,522","4,137,664","146,596,151","191,356,806",,0,
Kyrgyz Republic,Europe & Central Asia,Lower middle income,"274,800",41.67,32.4,"160,300","185,744","114,500","89,056",44.98,3.56,51,"123,593","9,790","141,416","23,700",28.99,25.6,"16,830","17,637","6,870","6,063",36,8,56,"8,439","1,961","13,300",40,7,53,"70,876","11,813","94,441",15,27,58,"18,574","32,399","70,398","298,500",MSME Country Indicators 2014 (IFC),MSME Country Indicators 2014 (IFC),"91,889,281",0,"91,889,281",Predicted,"1,495,632,411","14,814,041","1,480,818,369","1,403,743,130","14,814,041","1,388,929,089","6,571,853,824",1,23,21,"1,528","4,884,310","9,929,731","257,172,946","1,131,756,143",0.388,"948,211,398",63
Lao PDR,East Asia & Pacific,Lower middle income,"118,592",46.57,46.6,"63,360","63,360","55,232","55,232",36.39,6.45,57,"43,155","7,653","67,784","8,103",36.18,36.1,"5,172","5,177","2,931","2,926",19,13,67,"1,566","1,082","5,455",32,10,58,"21,791","6,815","39,926",29,10,61,"16,790","5,949","35,424","126,695",MSME Country Indicators 2014 (IFC),MSME Country Indicators 2014 (IFC),"439,038,255","245,081,596","193,956,659",Predicted,"3,047,610,115","1,687,345,398","1,360,264,717","2,608,571,859","1,442,263,802","1,166,308,058","12,327,488,512",4,25,21,594,"761,728,994","680,534,808","340,403,657","825,904,401",0.280,"1,185,181,711",39
Latvia,Europe & Central Asia,High income,"70,401",41.71,38.2,"41,034","43,520","29,367","26,881",11.8,6.84,81,"8,307","4,818","57,276","8,652",18.69,16.1,"7,035","7,260","1,617","1,392",2,6,92,180.0252457,504.681386,"7,967",5,5,89,"2,517","2,616","42,936",30,7,63,"9,234","2,153","19,597","79,053",MSME Country Indicators 2014 (IFC),MSME Country Indicators 2014 (IFC),"8,376,864,416","2,052,088,912","6,324,775,504",FAS,"9,614,703,725",,,"1,237,839,309",,,"27,035,267,072",31,36,5,15,,,,,0.272,"3,592,306,886",37
Lebanon,Middle East & North Africa,Upper middle income,"159,972",16.30,3.8,"133,889","153,876","26,083","6,096",27.1,10.05,63,"43,357","16,070","100,545","10,532",7.88,6.1,"9,702","9,893",830.0312268,639.4894672,8,11,81,821.3835974,"1,130","8,580",15,9,76,"20,978","13,473","109,140",13,8,78,"3,531","2,273","21,109","170,504",MSME Country Indicators 2014 (IFC),MSME Country Indicators 2014 (IFC),"8,835,797,317","844,726,348","7,991,070,969",Source: Country: Central Bank of Lebanon http://www.bdl.gov.lb/statistics/,"14,512,156,094","1,387,401,746","13,124,754,348","5,676,358,777","542,675,398","5,133,683,379","47,102,873,600",19,31,12,64,"70,826,015","471,849,383","332,578,161","4,801,105,218",0.320,"6,829,249,927",47
Lesotho,Sub-Saharan Africa,Lower middle income,"6,492",32.15,32.2,"4,405","4,405","2,087","2,087",11.69,22.92,65,759.2425112,"1,488","4,245","1,334",28.85,19.3,949.3004509,"1,076",385.0103996,258.0645161,6,25,69,74.74207731,333.0928454,926.4759278,8,23,69,440.7191605,"1,245","3,668",17,19,64,429.9367392,470.4681801,"1,572","7,827",Enterprise Surveys -- rescaled,Enterprise Surveys -- rescaled,"130,556,822","13,194,067","117,362,755",Predicted,"296,426,625","86,839,038","209,587,587","165,869,803","73,644,971","92,224,832","2,181,300,480",6,14,8,127,"14,836,331","58,808,640","21,484,367","70,740,465",0.288,"119,902,904",40
Lithuania,Europe & Central Asia,High income,"114,721",19.14,11.4,"92,759","101,671","21,962","13,050",12.66,24.61,63,"14,521","28,229","71,971","12,506",21.45,16.3,"9,823","10,472","2,683","2,034",11,14,75,"1,429","1,711","9,367",13,17,70,"13,335","17,661","71,587",10,25,64,"2,540","6,280","15,824","127,227",MSME Country Indicators 2014 (IFC),MSME Country Indicators 2014 (IFC),,,,,,,,,,,,,,,,,,,,0.297,,
"Macedonia, FYR",Europe & Central Asia,Upper middle income,"71,797",27.48,26.6,"52,067","52,671","19,730","19,126",20.79,16.94,62,"14,929","12,166","44,702","3,343",21.24,12.4,"2,633","2,929",709.9964003,413.9640029,5,7,88,151.4112527,246.8565163,"2,945",11,7,81,"6,256","3,965","44,479",8,21,70,"1,690","4,352","14,398","75,140",MSME Country Indicators 2014 (IFC),MSME Country Indicators 2014 (IFC),"1,926,626,388","763,496,636","1,163,129,752",FAS,"1,950,888,962",,,"24,262,574",,,"10,086,021,120",19,19,0,1,,,,,0.349,"1,045,868,276",54
Madagascar,Sub-Saharan Africa,Low income,"203,581",47.33,46.7,"107,228","108,533","96,353","95,048",27.8,17.72,54,"56,589","36,071","110,922","7,337",28.9,27.9,"5,216","5,289","2,121","2,048",11,30,60,777.9006178,"2,182","4,377",17,24,59,"19,601","27,053","65,791",20,24,55,"20,123","24,071","54,279","210,918",MSME Country Indicators 2014 (IFC),MSME Country Indicators 2014 (IFC),"305,447,031","3,152,423","302,294,609",FAS,"2,983,617,855","162,093,888","2,821,523,967","2,678,170,824","158,941,466","2,519,229,359","9,980,522,496",3,30,27,877,"90,368,499","68,572,966","1,132,867,331","1,386,362,028",0.385,"1,867,793,292",63
Malawi,Sub-Saharan Africa,Low income,"15,769",18.34,16.1,"12,877","13,231","2,892","2,538",35.16,30.94,34,"5,545","4,878","5,346","5,328",15.08,12.8,"4,525","4,645",803.5190616,683.6607154,36,30,34,"1,897","1,608","1,823",38,30,32,"6,613","5,284","5,505",23,31,46,851.6264639,"1,136","1,708","21,098",Enterprise Surveys -- rescaled,Enterprise Surveys -- rescaled,"9,422,754","284,633","9,138,121",Predicted,"486,465,668","19,718,846","466,746,822","477,042,915","19,434,213","457,608,702","6,565,382,144",0,7,7,"5,063","1,310,368","18,123,845","123,232,175","334,376,527",0.394,"316,282,959",65
Malaysia,East Asia & Pacific,Upper middle income,"496,458",22.98,22.8,"382,382","383,455","114,076","113,003",14.61,22.99,62,"72,546","114,118","309,794","148,678",14.52,13.2,"127,095","129,035","21,583","19,643",7,33,60,"10,375","49,127","89,176",11,26,63,"56,580","131,120","321,777",8,42,50,"11,102","57,066","67,491","645,136",MSME Country Indicators 2014 (IFC),MSME Country Indicators 2014 (IFC),"69,935,901,865","132,778,481","69,803,123,384",FAS,"91,390,116,799","6,708,957,148","84,681,159,651","21,454,214,934","6,576,178,667","14,878,036,267","296,217,640,960",24,31,7,31,"1,841,024,885","4,735,153,782","3,072,709,688","11,805,326,579",0.296,"38,425,390,018",42
Mali,Sub-Saharan Africa,Low income,"2,002",10.18,10.2,"1,798","1,798",203.739292,203.739292,27.41,33.29,39,548.6977687,666,787,"5,468",8.75,8.8,"4,989","4,989",478.6348011,478.6348011,13,39,48,713.9850207,"2,120.336603","2,633.718376",17,38,46,"1,133.839705","2,547","3,107",43,26,32,291.1232896,175.7484034,215.5024001,"7,470","CEES Institute (2017) on behaf of API, Mali; Micro, SME distribution for ES","CEES Institute (2017) on behaf of API, Mali; Micro, SME distribution for ES","860,934,578","1,530,288","859,404,290",Predicted,"1,232,478,506","38,905,764","1,193,572,742","371,543,928","37,375,475","334,168,453","13,100,263,424",7,9,3,43,"4,611,962","32,763,514","1,900,559","332,267,893",0.399,"818,234,482",66
Mauritania,Sub-Saharan Africa,Lower middle income,"1,692",0.00,0.0,"1,692","1,692",0,0,34.56,24.64,41,584.9274217,417.0525058,690.3277648,612.9032258,6.22,5.3,574.7800587,580.6451613,38.12316716,32.25806452,20,22,58,121.0080336,134.0789999,357.8161923,25,23,52,559.3603674,531.232928,"1,176",34,17,49,13.11706643,6.335708818,18.6703919,"2,305",Enterprise Surveys -- rescaled,Enterprise Surveys -- rescaled,"611,111,327","16,225,905","594,885,422",Predicted,,,,,,,"5,442,297,344",11,,,,,,,,,,
Mauritius,Sub-Saharan Africa,Upper middle income,"33,138",2.69,2.7,"32,246","32,246",892.3076923,892.3076923,13.57,8.24,78,"4,498","2,731","25,910","6,974",3.78,3.8,"6,710","6,710",263.8186774,263.8186774,2,12,86,167.9957088,842.933507,"5,963",0,16,84,92.42471296,"6,048","32,816",8,6,86,96.05835756,66.05171143,994.0163007,"40,112",Enterprise Surveys -- rescaled,Enterprise Surveys -- rescaled,"2,435,207,831","124,871,378","2,310,336,454",Predicted,"2,863,789,497","378,209,884","2,485,579,613","428,581,666","253,338,507","175,243,159","11,510,951,936",21,25,4,18,"5,752,756","247,585,750","2,141,587","173,101,572",0.219,"803,034,443",28
Mexico,Latin America & Caribbean,Upper middle income,"3,815,422",29.86,29.9,"2,676,223","2,676,223","1,139,199","1,139,199",24.77,11.07,64,"945,045","422,236","2,448,141","317,000",35.2,35.2,"205,416","205,416","111,584","111,584",5,18,77,"16,796","57,193","243,011",12,16,72,"352,307","452,929","2,076,402",24,11,65,"301,899","133,240","815,644","4,132,422",http://www.inegi.org.mx/saladeprensa/boletines/2016/especiales/especiales2016_07_02.pdf,Country Source: Census 2014,"27,045,681,152","5,479,994,293","21,565,686,859",OECD,"190,963,217,771","5,824,208,696","185,139,009,074","163,917,536,619","344,214,403","163,573,322,216","1,144,331,304,960",2,17,14,606,"75,045,847","269,168,556","2,709,485,854","160,863,836,362",0.288,"77,243,548,761",40
"Micronesia, Fed. Sts.",East Asia & Pacific,Lower middle income,615.3846154,47.50,47.5,323.0769231,323.0769231,292.3076923,292.3076923,42.72,9.71,48,262.8646154,59.77046154,292.7495385,523.7783618,61.29,61.3,202.7529142,202.7529142,321.0254476,321.0254476,30,12,58,159.554881,61.40057994,302.8229009,42,9,50,220.2436515,44.96699926,260.6191866,30,13,57,182.8444588,80.7166355,349.7720456,"1,139",Original Gap analysis,Enterprise Surveys -- rescaled,"33,000,000","1,297,242","31,702,758",FAS,"110,922,441","11,299,717","99,622,724","77,922,441","10,002,475","67,919,966","318,071,968",10,35,24,236,"2,280,709","7,721,766","47,523,131","20,396,836",,0,
Moldova,Europe & Central Asia,Lower middle income,"38,336",32.84,29.1,"25,746","27,182","12,590","11,154",15.05,20.54,64,"5,771","7,875","24,689","11,108",35.72,26.0,"7,140","8,221","3,968","2,887",3,11,86,285.8288847,"1,265","9,557",11,19,70,"3,580","6,392","22,914",5,10,85,884.804045,"1,625","14,048","49,444",MSME Country Indicators 2014 (IFC),MSME Country Indicators 2014 (IFC),"671,503,966","210,310,457","461,193,508",Predicted,"1,565,842,375","255,534,859","1,310,307,516","894,338,409","45,224,401","849,114,008","6,551,161,344",10,24,14,133,"9,893,621","35,330,781","168,677,031","680,436,976",0.443,"1,245,364,761",80
Mongolia,East Asia & Pacific,Lower middle income,"60,317",39.10,37.9,"36,733","37,431","23,584","22,886",33.95,21.45,45,"20,476","12,938","26,904","12,156",30.27,25.4,"8,477","9,063","3,679","3,093",28,25,46,"3,437","3,075","5,644",26,26,48,"11,643","11,971","21,595",40,19,42,"10,832","5,114","11,317","72,473",MSME Country Indicators 2014 (IFC),MSME Country Indicators 2014 (IFC),"698,933,740","19,984,489","678,949,252",FAS,"1,992,136,048","72,905,466","1,919,230,582","1,293,202,307","52,920,977","1,240,281,330","11,757,940,736",6,17,11,185,"18,679,776","34,241,201","765,404,371","474,876,960",0.164,"390,801,808",20
Montenegro,Europe & Central Asia,Upper middle income,"17,277",25.11,22.6,"12,938","13,369","4,338","3,908",16.15,38.78,45,"2,791","6,700","7,786","2,592",12.9,6.8,"2,258","2,416",334.3108504,175.9530792,2,16,82,57.42234602,408.8755481,"2,126",13,27,59,"2,040","4,161","8,995",0,42,58,0,"1,970","2,703","19,869",Enterprise Surveys -- rescaled,Enterprise Surveys -- rescaled,"530,128,322","123,671,078","406,457,244",Predicted,"1,161,982,683","233,752,534","928,230,149","631,854,361","110,081,456","521,772,905","3,992,640,256",13,29,16,119,"7,754,708","102,326,748","9,184,881","512,588,025",,0,
Morocco,Middle East & North Africa,Lower middle income,"1,375,000",10.77,10.1,"1,226,972","1,236,607","148,028","138,393",10.07,7.41,83,"138,443","101,884","1,134,673","35,000",4.89,3.4,"33,290","33,823","1,710","1,177",5,10,85,"1,763","3,582","29,655",5,10,85,"60,628","128,262","1,071,370",28,0,72,"42,320",0,"107,419","1,410,000","National Agency of MSMEs, Morocco: Contrat –Cadre Etat –Agence Nationale pour la Promotion de la PME 2015-2020","National Agency of MSMEs, Morocco: Contrat –Cadre Etat –Agence Nationale pour la Promotion de la PME 2015-2020","12,500,000,000","853,889,342","11,646,110,658",Source: IFC analysis of banking portfolios,"43,979,421,161","14,637,360,044","29,342,061,116","31,479,421,161","13,783,470,702","17,695,950,459","100,359,544,832",12,44,31,252,"12,353,590,201","1,429,880,501","254,831,983","17,441,118,476",0.331,"21,759,623,923",49
Mozambique,Sub-Saharan Africa,Low income,"23,074",18.22,18.2,"18,870","18,870","4,204","4,204",19.99,49.67,30,"4,613","11,461","6,999","5,400",26.34,26.3,"3,978","3,978","1,422","1,422",18,32,50,967.3801645,"1,706","2,727",19,37,44,"4,243","8,481","10,123",19,40,42,"1,052","2,239","2,336","28,474",MSME Country Indicators 2014 (IFC),MSME Country Indicators 2014 (IFC),"205,296,601","20,409","205,276,192",Predicted,"1,550,364,742","86,556,160","1,463,808,581","1,345,068,141","86,535,752","1,258,532,389","14,688,606,208",1,11,9,655,"46,124,445","40,411,307","165,623,927","1,092,908,462",0.386,"974,659,268",63
Myanmar,East Asia & Pacific,Lower middle income,"110,754",26.07,26.1,"81,877","81,877","28,877","28,877",35.73,3.46,61,"39,570","3,831","67,354","17,340",27.18,27.2,"12,628","12,628","4,713","4,713",26,15,59,"4,458","2,616","10,266",27,10,63,"25,949","9,319","59,237",43,4,53,"14,344","1,492","17,753","128,094",Enterprise Surveys -- rescaled,Enterprise Surveys -- rescaled,"2,740,317,090","540,025,027","2,200,292,063",FAS,"16,578,917,945","4,801,290,855","11,777,627,090","13,838,600,855","4,261,265,828","9,577,335,027","64,865,513,472",4,26,21,505,"1,023,747,172","3,237,518,656","1,949,218,899","7,628,116,128",0.478,"15,181,461,260",92
Namibia,Sub-Saharan Africa,Upper middle income,"61,892",32.36,28.7,"41,862","44,108","20,031","17,785",30.01,12.46,58,"18,576","7,713","35,603","9,370",27.74,20.2,"6,770","7,475","2,599","1,894",12,3,85,"1,125",251.3466101,"7,993",20,8,72,"9,619","4,108","34,905",30,6,64,"6,720","1,423","14,487","71,262",Enterprise Surveys -- rescaled,Enterprise Surveys -- rescaled,"139,597,172","4,681,352","134,915,819",FAS,"1,928,209,050","131,973,588","1,796,235,462","1,788,611,879","127,292,236","1,661,319,643","11,546,088,448",1,17,15,"1,281","56,824,907","70,467,330","138,511,757","1,522,807,886",0.285,"768,586,824",40
Nepal,South Asia,Low income,"208,558",16.73,15.0,"173,676","177,353","34,882","31,205",33.2,18.87,48,"69,231","39,354","99,973","111,442",20.55,12.2,"88,539","97,787","22,903.16928","13,655.18691",44,18,39,"48,562","19,741.48546","43,138",33,19,47,"87,638","51,020","123,557",52,14,34,"29,802","8,180","19,804","320,000","Women SME Banking Diagnostic, Berger, 2014","Department of Cottage and Small Industries , 2016 and Berger (2014)","730,830,641","134,973,233","595,857,408",Predicted,"4,332,106,804","878,898,103","3,453,208,701","3,601,276,163","743,924,870","2,857,351,294","20,880,545,792",4,21,17,493,"65,599,166","678,325,704","256,040,743","2,601,310,550",0.360,"2,436,810,077",56
Nicaragua,Latin America & Caribbean,Lower middle income,"153,379",58.65,58.6,"63,422","63,422","89,957","89,957",27.43,6.49,66,"42,068","9,949","101,362","20,363",34.1,34.1,"13,419","13,419","6,944","6,944",8,10,83,"1,537","1,957","16,869",11,10,80,"8,228","7,501","61,112",24,6,70,"23,220","5,888","67,793","173,742",MSME Country Indicators 2014 (IFC),MSME Country Indicators 2014 (IFC),"242,772,450","5,199,074","237,573,377",Predicted,"3,354,415,603","596,534,569","2,757,881,033","3,111,643,152","591,335,496","2,520,307,656","12,692,561,920",2,26,25,"1,282","93,177,503","498,157,992","305,026,327","2,215,281,329",0.431,"2,540,866,651",76
Niger,Sub-Saharan Africa,Low income,"6,538",13.85,13.8,"5,633","5,633",905.5615746,905.5615746,53.79,30.02,16,"3,517","1,963","1,059","1,545",12.71,12.7,"1,349","1,349",196.4809384,196.4809384,27,21,52,411.1838116,330.7220966,803.5486372,39,28,33,"2,693","1,954","2,335",84,2,14,922.9741348,25.17069942,153.8976788,"8,084",Enterprise Surveys -- rescaled,Enterprise Surveys -- rescaled,"329,239,323","17,354,054","311,885,269",Predicted,"3,452,676,762","364,858,140","3,087,818,622","3,123,437,438","347,504,086","2,775,933,353","7,142,951,424",5,48,44,949,"17,986,344","329,517,742","123,038,379","2,652,894,973",0.386,"2,170,575,293",63
Nigeria,Sub-Saharan Africa,Lower middle income,"36,921,740",14.27,14.2,"31,652,586","31,667,652","5,269,154","5,254,088",9.08,42.26,49,"3,354,278","15,602,420","17,965,042","72,838",13.03,12.6,"63,348","63,700","9,490","9,138",14,35,50,"10,429","25,791","36,618",12,39,50,"3,696,100","12,227,486","15,792,348",12,40,48,"638,972","2,127,580","2,512,093","36,994,578",http://nigerianstat.gov.ng/pdfuploads/SMEDAN%202013_Selected%20Tables.pdf,http://nigerianstat.gov.ng/pdfuploads/SMEDAN%202013_Selected%20Tables.pdf,"101,349,729","2,267,272","99,082,458",FAS,"158,233,321,475","65,968,749,907","92,264,571,568","158,131,971,746","65,966,482,636","92,165,489,110","481,066,156,032",0,33,33,"156,026","3,617,377,443","62,349,105,192","18,169,142,710","73,996,346,401",0.530,"178,433,319,961",113
Pakistan,South Asia,Lower middle income,"3,169,952",7.54,7.1,"2,931,080","2,943,876","238,872","226,076",44.65,8.14,47,"1,415,443","257,972","1,496,537","30,048",6.91,4.8,"27,972","28,607","2,076","1,441",26,10,64,"7,764","2,930","19,354",32,10,58,"958,528","283,145","1,717,379",6,7,87,"14,376","17,550","209,022","3,200,000",http://www.sbp.org.pk/ACMFD/National-Financial-Inclusion-Strategy-Pakistan.pdf,http://www.sbp.org.pk/ACMFD/National-Financial-Inclusion-Strategy-Pakistan.pdf,"3,988,590,000","6,199,552","3,982,390,448",Country Source: http://www.sbp.org.pk/sme/PDF/DFG/2017/QSMEF-Dec-2017.pdf,"45,013,389,493","28,508,633,086","16,504,756,406","41,024,799,493","28,502,433,534","12,522,365,958","269,971,505,152",,17,15,,"3,383,600,867","25,118,832,667","164,051,311","12,358,314,648",0.336,"22,777,859,743",51
Panama,Latin America & Caribbean,Upper middle income,"194,396",12.45,12.4,"170,199","170,199","24,197","24,197",2.65,1.36,96,"5,151.520756","2,636.291103","186,608","7,752",11.05,11.0,"6,896","6,896",856,856,26,5,68,"2,028",415.4195702,"5,309",20,5,76,"34,864","8,411","133,819",18,0,82,"4,624.562935",0,"20,429","202,148","Country source: Autoridad de la Micro, Pequeña y Mediana Empresa  (2015)","Country source: Autoridad de la Micro, Pequeña y Mediana Empresa  (2015)","6,053,916,662","3,428,618","6,050,488,043",Predicted,"27,323,303,341","2,196,516,795","25,126,786,546","21,269,386,679","2,193,088,176","19,076,298,503","52,132,290,560",12,52,41,351,"24,511,647","2,168,576,529","806,826,103","18,269,472,400",0.600,"40,984,955,012",150
Papua New Guinea,East Asia & Pacific,Lower middle income,246.1538462,43.75,43.8,138.4615385,138.4615385,107.6923077,107.6923077,0,27.12,73,0,66.76356923,179.3902769,"33,522",32.02,9.6,"22,787","30,320","10,735","3,202",17,15,68,"5,533","5,137","22,852",6,6,88,"1,430","1,353","20,143",33,37,30,"3,583.213775","4,026.212552","3,233","33,768",Original Gap analysis,Enterprise Surveys -- rescaled,0,0,0,,"310,893,599","25,186,242","285,707,357",0,0,0,,,,,,0,0,0,0,0.365,"178,702,620",57
Paraguay,Latin America & Caribbean,Upper middle income,"216,228",30.58,30.6,"150,103","150,103","66,125","66,125",10.5,26.41,63,"22,695","57,115","136,418","6,457",18.87,18.9,"5,239","5,239","1,218.223439","1,218.223439",10,10,80,646.1076458,644.5341476,"5,166",13,19,68,"19,533","29,961","105,848",1,4,95,719.3606277,"2,676.142388","63,947","222,685","Country source: Dirección General de Estadística, Encuestas y Censos (DGEEC), ""Censo Económico Nacional 2011""","Country source: Dirección General de Estadística, Encuestas y Censos (DGEEC), ""Censo Económico Nacional 2011""","2,507,273,201","24,449,510","2,482,823,691",Predicted,"6,478,224,995","137,100,868","6,341,124,127","3,970,951,794","112,651,358","3,858,300,436","27,622,778,880",9,23,14,158,"18,876,444","93,774,914","330,410,268","3,527,890,168",0.374,"3,870,377,233",60
Peru,Latin America & Caribbean,Upper middle income,"1,607,305",17.05,17.0,"1,333,295","1,333,295","274,010","274,010",25.32,19.87,55,"407,027","319,370","880,908","75,376",12.96,13.0,"65,604","65,604","9,772","9,772",4,35,61,"3,182.883347","26,015","46,178",19,30,50,"272,527","425,208","701,165",5,6,89,"13,189","16,634","253,959","1,682,681","Country source: Pervian Tax Authority, SUNAT","Country source: Pervian Tax Authority, SUNAT","24,581,000,000","982,825,434","23,598,174,566",Country Source: Superintency of Banks (April 2018),"32,680,712,918","1,760,011,553","30,920,701,365","8,099,712,918","777,186,119","7,322,526,800","192,083,722,240",13,17,4,33,"123,892,247","653,293,872","356,987,435","6,965,539,365",0.537,"37,903,980,210",116
Philippines,East Asia & Pacific,Lower middle income,"743,250",29.09,28.4,"527,026","532,384","216,224","210,866",6.66,5.83,88,"49,489","43,334","650,427","73,509",37.24,35.6,"46,135","47,332","27,374","26,177",8,12,81,"5,687","8,533","59,289",10,8,82,"59,737","45,392","468,032",4,14,82,"8,708","34,396","200,494","816,759",MSME Country Indicators 2014 (IFC),MSME Country Indicators 2014 (IFC),,,,,,,,,,,,,,,,,,,,0.383,,
Poland,Europe & Central Asia,High income,"1,452,022",37.03,27.0,"914,299","1,060,160","537,723","391,862",9.66,9.37,81,"140,231","136,120","1,175,671","68,382",23.77,14.0,"52,127","58,827","16,255","9,555",4,11,85,"2,641","7,283","58,458",5,11,84,"45,483","104,917","816,026",10,8,82,"53,385","47,003","453,590","1,520,404",MSME Country Indicators 2014 (IFC),MSME Country Indicators 2014 (IFC),"55,072,943,816","23,598,088,231","31,474,855,584",Predicted,"162,924,826,902","57,578,228,406","105,346,598,497","107,851,883,087","33,980,140,174","73,871,742,913","474,783,383,552",12,34,23,196,"12,262,007,223","21,718,132,951","19,746,269,847","54,125,473,066",0.260,"57,243,858,101",35
Romania,Europe & Central Asia,Upper middle income,"356,008",35.25,16.2,"230,512","298,192","125,496","57,816",24.13,16.99,59,"85,899","60,486","209,623","51,402",23.77,13.7,"39,184","44,364","12,218","7,038",16,19,65,"8,194","9,709","33,498",18,19,64,"47,399","50,276","172,022",25,16,58,"34,928","22,589","80,197","407,410",MSME Country Indicators 2014 (IFC),MSME Country Indicators 2014 (IFC),"18,232,839,393","2,933,545,070","15,299,294,322",Predicted,"64,104,321,002","16,103,211,999","48,001,109,002","45,871,481,609","13,169,666,929","32,701,814,680","177,954,488,320",10,36,26,252,"3,291,902,771","9,877,764,158","2,634,578,024","30,067,236,656",0.302,"27,735,680,433",43
Russian Federation,Europe & Central Asia,Upper middle income,"1,415,186",20.28,20.3,"1,128,254","1,128,254","286,932","286,932",26.15,21.93,52,"370,022","310,337","734,826","254,253",13.39,13.4,"220,214","220,214","34,039","34,039",29,15,55,"74,958","38,251","141,044",29,17,54,"385,375","231,408","731,685",27,18,54,"87,947","58,804","174,220","1,669,439",MSME Country Indicators 2014 (IFC),MSME Country Indicators 2014 (IFC),"134,058,734,022","3,996,162,542","130,062,571,480",FAS,"356,079,248,648","36,966,520,224","319,112,728,424","222,020,514,626","32,970,357,682","189,050,156,945","1,326,015,053,824",10,27,17,166,"9,715,932,942","23,254,424,740","13,333,835,245","175,716,321,700",0.406,"243,380,765,911",68
Rwanda,Sub-Saharan Africa,Low income,"114,329",23.83,23.8,"87,088","87,088","27,241","27,241",36.8,27.56,36,"42,077","31,505","40,747","9,061",11.48,11.5,"8,021","8,021","1,040","1,040",21,20,59,"1,909","1,823","5,329",27,26,47,"25,437","24,526","45,146",27,11,62,"7,723","3,163","17,395","123,390",MSME Country Indicators 2014 (IFC),MSME Country Indicators 2014 (IFC),"217,157,882","27,457,330","189,700,552",FAS,"1,490,934,319","70,991,141","1,419,943,178","1,273,776,437","43,533,810","1,230,242,626","8,095,980,032",3,18,16,587,"3,709,871","39,823,939","74,251,276","1,155,991,351",0.391,"957,233,692",64
Samoa,East Asia & Pacific,Lower middle income,"1,446",35.11,35.1,938.4615385,938.4615385,507.6923077,507.6923077,6.38,24.50,69,92.20064799,354.2718853,"1,000",498.5337243,37.06,37.1,313.7829912,313.7829912,184.7507331,184.7507331,0,46,54,0,228.6141629,269.9195614,0,38,62,0,475.6175211,776.6270086,7,35,58,50.02343331,242.2320632,400.1875443,"1,945",Enterprise Surveys -- rescaled,Enterprise Surveys -- rescaled,"136,455,641","16,482,792","119,972,849",FAS,"172,123,705",,,"35,668,064",,,"761,037,888",18,23,5,26,,,,,,0,
Senegal,Sub-Saharan Africa,Low income,"333,647",21.86,21.7,"260,725","261,304","72,922","72,343",34.79,31.41,34,"116,072","104,783","112,792","73,418",11.75,8.6,"64,789","67,125","8,628.998701","6,292.971429",26,26,48,"18,841","19,319","35,258",33,24,42,"108,448","79,626","137,440",10,50,40,"8,103.279708","40,871","32,577","407,065",General Census of Enterprises (RGE) 2016; ANSD 2017;,General Census of Enterprises (RGE) 2016; ANSD 2017; Micro may inlcude semi-formal,"493,738,437","70,520,021","423,218,417",Predicted,"1,409,186,058",,,"915,447,621",,,"13,779,570,688",4,10,7,185,,,,,0.417,"1,007,942,687",72
Serbia,Europe & Central Asia,Upper middle income,"72,995",18.71,13.4,"59,341","63,187","13,654","9,808",16.22,29.13,55,"11,839","21,267","39,889","11,087",22.86,12.4,"8,553","9,711","2,534","1,376",17,25,58,"1,871","2,767","6,449",19,22,59,"12,793","14,975","40,125",9,44,48,"1,445","7,041","7,702","84,082",MSME Country Indicators 2014 (IFC),MSME Country Indicators 2014 (IFC),"5,136,836,096","255,526,386","4,881,309,710",OECD,"15,226,409,501","2,756,482,114","12,469,927,387","10,089,573,405","2,500,955,728","7,588,617,677","36,513,026,048",14,42,28,196,"379,883,941","2,121,071,787","2,295,841,653","5,292,776,024",,0,
Slovak Republic,Europe & Central Asia,High income,"422,806",29.62,15.5,"297,554","357,294","125,252","65,512",1.5,7.95,91,"6,349","33,607","382,850","23,603",14.8,7.9,"20,110","21,737","3,493","1,866",7,14,78,"1,750","3,415","18,438",7,13,80,"21,917","41,269","254,478",2,12,86,"2,170","15,624","110,951","446,409",MSME Country Indicators 2014 (IFC),MSME Country Indicators 2014 (IFC),"8,822,770,352","394,413,796","8,428,356,557",FAS,"27,087,762,897","916,568,067","26,171,194,830","18,264,992,545","522,154,272","17,742,838,273","86,581,788,672",10,31,21,207,"164,018,583","358,135,688","546,822,460","17,196,015,813",0.168,"5,469,644,431",20
Slovenia,Europe & Central Asia,High income,"74,502",26.58,17.1,"54,698","61,742","19,804","12,760",12.91,5.29,82,"9,615","3,942","60,945","62,958",19.89,13.9,"50,438","54,203","12,520","8,755",2,5,92,"1,482","3,451","58,025",10,5,85,"10,076","5,648","89,412",2,5,93,527.0307282,"1,756","30,041","137,460",MSME Country Indicators 2014 (IFC),MSME Country Indicators 2014 (IFC),"7,225,596,416","551,138,062","6,674,458,354",OECD,"15,206,021,890","3,737,042,551","11,468,979,339","7,980,425,474","3,185,904,489","4,794,520,985","42,746,982,400",17,36,19,110,"1,183,798,086","2,002,106,403","530,438,781","4,264,082,204",0.247,"4,987,898,283",33
Solomon Islands,East Asia & Pacific,Lower middle income,430.7692308,46.43,35.7,230.7692308,276.9230769,200,153.8461538,0,11.21,89,0,48.30308308,382.4661477,"2,619",22.03,17.6,"2,042","2,158",577.0439579,461.28208,6,11,83,169.7369836,275.2138059,"2,174",5,9,85,123.3742351,214.9984042,"1,934",6,15,79,48.96329894,113.4309912,614.6496678,"3,050",Original Gap analysis,Enterprise Surveys -- rescaled,"43,213,645","763,914","42,449,732",Predicted,"217,052,732","6,747,463","210,305,269","173,839,087","5,983,550","167,855,537","1,156,834,688",4,19,15,402,"1,461,325","4,522,225","28,339,537","139,516,000",0.327,"105,462,472",49
South Africa,Sub-Saharan Africa,Upper middle income,"562,953",23.71,23.7,"429,450","429,450","133,503","133,503",6.55,16.51,77,"36,882","92,959","433,112","104,479",22.48,22.5,"80,996","80,996","23,483","23,483",0,16,84,213.1007059,"16,393","87,872",1,16,83,"5,194","81,092","424,160",6,18,75,"9,521","29,011","118,453","667,432","Bureau for Economic Research, South Africa. Micro / SME. Micro share 84% - as per the original Gap analysis","Bureau for Economic Research, South Africa. Micro / SME. Micro share 84% - as per the original Gap analysis","41,462,741,608","440,642,729","41,022,098,880",Predicted,"71,805,299,709","7,923,346,116","63,881,953,593","30,342,558,100","7,482,703,387","22,859,854,713","312,797,560,832",13,23,10,73,"1,381,081,747","6,101,621,639","4,253,314,374","18,606,540,340",0.252,"24,191,090,276",34
South Sudan,Sub-Saharan Africa,Low income,"6,587",11.41,9.7,"5,836","5,949",751.3296875,638.115625,41.2,17.69,41,"2,714","1,165","2,708",726,7.71,6.8,670.0488722,676.8721805,55.95112782,49.12781955,40,14,46,292.0463954,98.7088739,335.2447307,41,15,44,"2,680",994.8960537,"2,831",39,23,38,313.227647,184.3829948,309.6701735,"7,313",MSME Country Indicators 2014 (IFC),MSME Country Indicators 2014 (IFC),"139,925,153","1,891,109","138,034,045",FAS,"431,280,039","83,855,475","347,424,564","291,354,886","81,964,366","209,390,520","9,015,221,248",2,5,3,208,"6,002,625","75,961,741","8,782,038","200,608,482",,0,
Sri Lanka,South Asia,Lower middle income,"935,736",11.81,11.8,"825,259","825,259","110,477","110,477",30.91,39.34,30,"289,257","368,164","278,315","81,531",14.02,14.0,"70,103","70,103","11,428","11,428",35,31,35,"28,136","24,983","28,412",32,38,30,"285,738","338,396","271,227",36,25,39,"44,007","30,624","47,275","1,017,267",Department of Census and Statistics 2013/2014,Department of Census and Statistics 2013/2014,"2,282,135,557","226,868,093","2,055,267,464",Predicted,"19,401,391,726","3,624,139,527","15,777,252,199","17,119,256,169","3,397,271,434","13,721,984,735","82,316,173,312",3,24,21,750,"279,093,964","3,118,177,469","416,209,835","13,305,774,900",0.422,"14,165,029,945",73
St. Kitts and Nevis,Latin America & Caribbean,High income,"2,185",28.87,28.9,"1,554","1,554",630.7692308,630.7692308,0,34.81,65,0,760.5177844,"1,424",553,26.6,26.6,405.9255319,405.9255319,147.0744681,147.0744681,0,39,61,0,215.6733543,337.3266457,0,37,63,0,716.0060794,"1,244",0,41,59,0,317.5171589,460.32654,"2,738",Enterprise Surveys -- rescaled,Enterprise Surveys -- rescaled,"136,508,645","9,404,253","127,104,392",Predicted,"232,904,619","27,173,139","205,731,480","96,395,974","17,768,886","78,627,088","921,888,832",15,25,10,71,"4,385,704","13,383,183","26,412,107","52,214,981",,0,
St. Lucia,Latin America & Caribbean,Upper middle income,"3,662",26.89,26.9,"2,677","2,677",984.6153846,984.6153846,6.16,35.82,58,225.5690769,"1,311","2,125","1,208",28.13,28.1,868.2315568,868.2315568,339.903418,339.903418,3,28,70,35.27861111,332.2349337,840.6214299,5,31,63,194.6066959,"1,103","2,247",1,31,68,12.8724345,407.0788342,904.5675339,"4,870",Original Gap analysis,Enterprise Surveys -- rescaled,"154,355,714","10,151,611","144,204,104",Predicted,"345,868,451","73,096,638","272,771,813","191,512,736","62,945,027","128,567,709","1,436,390,272",11,24,13,124,"20,008,108","42,936,919","26,934,481","101,633,228",,0,
St. Vincent and the Grenadines,Latin America & Caribbean,Upper middle income,"4,215",68.50,68.5,"1,328","1,328","2,887","2,887",22.16,22.50,55,933.9909186,948.4562056,"2,333",604.0674874,36.54,36.5,383.3505208,383.3505208,220.7169665,220.7169665,1,14,85,7.259889463,81.70200135,515.1055966,4,18,78,63.10988618,314.0427471,"1,334",20,19,61,633.0483177,589.0437202,"1,886","4,819",Original Gap analysis,Enterprise Surveys -- rescaled,"27,165,450","6,405,873","20,759,577",Predicted,"258,364,097","65,404,460","192,959,637","231,198,647","58,998,587","172,200,060","751,373,248",4,34,31,851,"39,608,649","19,389,938","54,006,656","118,193,404",,0,
Sudan,Sub-Saharan Africa,Lower middle income,"8,554",0.72,0.7,"8,492","8,492",61.64934165,61.64934165,4.57,25.35,70,390.5417311,"2,168","5,995","4,534",4.46,3.7,"4,332","4,367",202.2152421,167.1554252,7,32,61,321.7067956,"1,458","2,754",6,31,63,801.1396978,"3,929","8,094",11,23,66,29.71966296,60.17476569,173.9701551,"13,088",Enterprise Surveys -- rescaled,Enterprise Surveys -- rescaled,"1,087,084,350",0,"1,087,084,350",FAS,"22,777,770,607","445,393,876","22,332,376,731","21,690,686,257","445,393,876","21,245,292,381","84,066,770,944",1,27,26,"1,995",0,"445,393,876","1,295,363,802","19,949,928,579",0.341,"11,786,372,954",52
Suriname,Latin America & Caribbean,Upper middle income,"1,000",16.92,16.9,830.7692308,830.7692308,169.2307692,169.2307692,0,42.13,58,0,421.27,578.73,598.2404692,8.82,8.8,545.4545455,545.4545455,52.78592375,52.78592375,3,47,50,19.05515543,280.8152727,298.3700411,3,47,50,35.29231815,651.5804058,689.3510522,0,29,71,0,65.2306076,156.7860854,"1,598",Enterprise Surveys -- rescaled,Enterprise Surveys -- rescaled,"256,808,343","15,453,462","241,354,881",Predicted,"1,226,331,092","74,303,889","1,152,027,203","969,522,749","58,850,428","910,672,321","4,877,888,512",5,25,20,378,"8,827,031","50,023,396","48,980,487","861,691,834",0.351,"663,239,158",54
Swaziland,Sub-Saharan Africa,Lower middle income,"159,615",23.12,23.1,"122,719","122,719","36,896","36,896",31.72,24.98,43,"50,636","39,871","69,108","3,238",22.3,20.8,"2,516","2,564",721.9206954,673.0961091,15,30,55,476.6330488,987.3396466,"1,774",19,23,58,"23,419","28,888","72,928",24,56,21,"8,929","20,950","7,739","162,853",Enterprise Surveys -- rescaled,Enterprise Surveys -- rescaled,"119,893,187",0,"119,893,187",Predicted,"1,942,735,050","148,021,054","1,794,713,995","1,822,841,863","148,021,054","1,674,820,809","4,060,072,448",3,48,45,"1,520","37,329,610","110,691,445","192,290,627","1,482,530,182",0.389,"1,236,864,050",64
Tajikistan,Europe & Central Asia,Lower middle income,"147,307",17.46,14.6,"121,587","125,817","25,720","21,490",20.16,9.42,70,"29,690","13,869","103,748","7,984",10.82,8.8,"7,120","7,286",863.6317606,698.2554661,13,17,70,"1,044","1,318","5,621",11,16,73,"14,566","20,731","93,409",43,1,56,"11,504",252.9252926,"14,827","155,291",MSME Country Indicators 2014 (IFC),MSME Country Indicators 2014 (IFC),"239,528,518","6,347,275","233,181,243",Predicted,"1,691,294,939","239,343,826","1,451,951,114","1,451,766,421","232,996,551","1,218,769,870","7,853,450,240",3,22,18,606,"20,578,806","212,417,745","54,852,964","1,163,916,906",0.410,"1,175,306,653",69
Tanzania,Sub-Saharan Africa,Low income,"2,604,657",21.20,20.3,"2,052,597","2,076,542","552,060","528,115",46.56,25.26,28,"1,212,708","658,016","733,933","558,228",17.85,17.6,"458,581","460,171","99,647","98,057",39,31,30,"215,579","175,090","167,559",45,25,30,"1,123,488","639,671","748,020",31,43,25,"205,166","280,636","165,904","3,162,885","National Baseline Survey Report: Micro, Small and Medium Enterprises. To calculate Micro, use WB ES ratios","National Baseline Survey Report: Micro, Small and Medium Enterprises. To calculate SME, use WB ES ratios","1,327,618,892","38,008,116","1,289,610,776",Predicted,"7,114,846,314","827,882,189","6,286,964,125","5,787,227,422","789,874,073","4,997,353,349","44,895,391,744",3,16,13,436,"164,614,886","625,259,188","1,486,857,455","3,510,495,893",0.537,"8,251,992,377",116
Thailand,East Asia & Pacific,Upper middle income,"225,477",56.72,56.7,"97,585","97,585","127,892","127,892",44.94,15.14,40,"101,333","34,145","89,999","2,646,549",57.94,57.8,"1,113,150","1,116,295","1,533,399","1,530,254",31,23,46,"825,941","613,869","1,206,739",26,36,39,"311,959","430,186","468,590",42,12,45,"698,636","207,541","755,114","2,872,026",MSME Country Indicators 2014 (IFC),Enterprise Surveys -- rescaled,"112,777,964,028","1,652,542,655","111,125,421,374",FAS,"153,521,201,625",,,"40,743,237,597",,,,29,39,10,36,,,,,0.482,"142,851,774,485",
Timor-Leste,East Asia & Pacific,Lower middle income,"3,008",63.79,63.8,"1,089","1,089","1,919","1,919",24.5,28.12,47,736.8096,845.897728,"1,425","1,130",61.59,61.6,434.0469565,434.0469565,696.1130435,696.1130435,14,22,64,157.3493459,250.9667245,721.8439297,15,30,55,227.1187704,462.2521797,833.7794546,18,20,62,482.707871,523.7728777,"1,609","4,138",MSME Country Indicators 2014 (IFC),MSME Country Indicators 2014 (IFC),"11,699,086","609,405","11,089,681",Predicted,"460,807,627","41,546,806","419,260,821","449,108,541","40,937,401","408,171,139","1,412,377,856",1,33,32,"3,839","26,444,782","14,492,620","302,266,750","105,904,389",,0,
Togo,Sub-Saharan Africa,Low income,"13,323",17.50,17.5,"10,992","10,992","2,332","2,332",21.81,25.23,53,"2,905","3,362","7,056","1,569",14.53,11.7,"1,341","1,385",227.8870886,184.0626485,20,26,54,314.6548118,410.7585305,843.5016137,20,26,53,"2,508","3,236","6,589",23,24,54,583.4964773,604.6461728,"1,371","14,892",Enterprise Surveys -- rescaled,Enterprise Surveys -- rescaled,"232,454,157","3,159,490","229,294,667",Predicted,"622,409,731","27,181,859","595,227,872","389,955,574","24,022,369","365,933,206","4,002,723,840",6,16,10,168,"10,760,411","13,261,958","33,926,563","332,006,643",0.346,"329,287,105",53
Tonga,East Asia & Pacific,Lower middle income,"8,754",66.26,66.3,"2,954","2,954","5,800","5,800",41.44,35.41,23,"3,627","3,099","2,027",601.1730205,13.59,13.6,519.4601828,519.4601828,81.71283774,81.71283774,32,12,57,190.3237245,70.23231637,340.6169796,48,19,32,"1,680",671.3289717,"1,122",31,39,30,"1,835","2,291","1,756","9,355",Enterprise Surveys -- rescaled,Enterprise Surveys -- rescaled,"76,317,957","34,380,442","41,937,515",FAS,"241,134,111","126,388,454","114,745,656","164,816,153","92,008,012","72,808,141","434,386,304",18,56,38,216,"50,704,087","41,303,925","8,059,430","64,748,711",,0,
Trinidad and Tobago,Latin America & Caribbean,High income,"15,814",31.75,31.8,"10,793","10,793","5,021","5,021",4.05,60.29,36,640.735504,"9,534","5,639","3,372",20.33,20.3,"2,687","2,687",685.4836915,685.4836915,8,46,46,259.08495,"1,557","1,555",7,56,37,982.3936556,"7,539","4,958",4,34,62,230.4715501,"1,917","3,559","19,186",MSME Country Indicators 2014 (IFC),MSME Country Indicators 2014 (IFC),"1,522,268,219","244,349,802","1,277,918,416",Predicted,"6,045,165,813","563,960,212","5,481,205,600","4,522,897,594","319,610,410","4,203,287,184","27,805,745,152",5,22,16,297,"100,016,568","219,593,843","936,062,159","3,267,225,025",0.315,"2,779,893,768",46
Tunisia,Middle East & North Africa,Lower middle income,"583,849",9.72,8.0,"527,071","536,977","56,778","46,872",11.26,30.34,58,"65,719","177,152","340,978","17,567",10.92,9.0,"15,648","15,978","1,919","1,589",5,16,79,919.2644477,"2,730","13,917",7,20,74,"35,926","107,343","399,450",12,25,64,"6,904","14,433","37,360","601,416",MSME Country Indicators 2014 (IFC),MSME Country Indicators 2014 (IFC),"6,005,002,488","449,918,267","5,555,084,221",Predicted,"12,878,529,373","2,420,573,250","10,457,956,123","6,873,526,885","1,970,654,983","4,902,871,903","43,015,090,176",14,30,16,114,"316,580,467","1,654,074,516","278,515,929","4,624,355,973",0.354,"7,057,274,610",55
Turkey,Europe & Central Asia,Upper middle income,"2,599,367",9.35,4.4,"2,356,325","2,485,156","243,042","114,211",3.54,2.95,94,"91,907","76,657","2,430,803","77,633",9.2,4.7,"70,491","73,983","7,142","3,650",3,5,92,"2,246","4,067","71,320",3,4,93,"78,309","99,755","2,248,751",1,10,88,"2,689","26,119","221,377","2,677,000",2016 SBA Fact Sheet Turkey - European Commission - Europa EU; Turkish Statistical Agency 2017,2016 SBA Fact Sheet Turkey - European Commission - Europa EU; Turkish Statistical Agency 2017,"152,283,092,698","55,145,366,592","97,137,726,106",FAS,"232,533,079,369","72,893,767,938","159,639,311,431","80,249,986,670","17,748,401,346","62,501,585,325","718,221,082,624",21,32,11,53,"1,078,587,232","16,669,814,113","5,054,698,013","57,446,887,312",0.291,"95,440,234,268",41
Uganda,Sub-Saharan Africa,Low income,"19,270",26.03,22.0,"14,254","15,021","5,016","4,249",41.68,24.97,33,"8,032","4,812","6,426","5,863",15.44,13.5,"4,958","5,069",905.1175115,793.6664747,23,22,55,"1,325","1,293","3,244",34,22,44,"6,617","4,204","8,391",21,31,48,"1,260","1,837","2,825","25,133",MSME Country Indicators 2014 (IFC),MSME Country Indicators 2014 (IFC),"531,364,911","8,433,961","522,930,950",Predicted,"5,400,379,465","2,502,369,235","2,898,010,230","4,869,014,554","2,493,935,274","2,375,079,280","26,369,243,136",2,20,18,916,"9,826,899","2,484,108,375","103,708,569","2,271,370,710",0.403,"3,645,482,285",68
Ukraine,Europe & Central Asia,Lower middle income,"286,461",23.69,22.7,"218,612","221,475","67,849","64,986",22,24.20,54,"63,010","69,328","154,123","77,776",18.67,16.8,"63,254","64,686","14,522","13,090",38,19,43,"29,499","14,690","33,587",36,20,44,"100,675","56,719","124,472",16,24,60,"13,473","19,583","49,315","364,237",MSME Country Indicators 2014 (IFC),MSME Country Indicators 2014 (IFC),"6,806,902,953","420,441,016","6,386,461,937",Predicted,"39,859,058,994","4,167,319,267","35,691,739,726","33,052,156,041","3,746,878,251","29,305,277,790","90,615,021,568",8,44,36,486,"868,243,268","2,878,634,983","3,034,539,302","26,270,738,487",0.468,"35,063,984,227",88
Uruguay,Latin America & Caribbean,High income,"125,973",14.68,14.7,"107,474","107,474","18,499","18,499",16.69,7.45,76,"21,031","9,380","95,563","24,192",9.55,9.6,"21,883","21,883","2,309","2,309",8,23,68,"1,988","5,684","16,520",13,17,70,"16,861","22,065","90,430",8,8,83,"1,716","1,731","17,361","150,165",MSME Country Indicators 2014 (IFC),MSME Country Indicators 2014 (IFC),"3,490,723,240","185,989,946","3,304,733,294",FAS,"9,349,724,985","1,534,418,747","7,815,306,238","5,859,001,746","1,348,428,801","4,510,572,945","53,442,699,264",7,17,11,168,"63,641,331","1,284,787,470","203,249,599","4,307,323,346",0.461,"7,996,703,559",86
Uzbekistan,Europe & Central Asia,Lower middle income,"76,354",17.01,11.2,"63,369","67,785","12,985","8,569",13.48,0.00,87,"10,290",0,"66,064","18,877",14.37,11.2,"16,164","16,756","2,713","2,121",10,2,88,"1,867",345.7777949,"16,664",10,1,89,"8,166",923.7262073,"70,443",18,0,82,"2,886",0,"12,812","95,231",Enterprise Surveys -- rescaled,Enterprise Surveys -- rescaled,"1,732,099,219","85,360,197","1,646,739,023",Predicted,"13,521,640,897","1,716,136,227","11,805,504,670","11,789,541,678","1,630,776,031","10,158,765,648","66,732,802,048",3,20,18,681,"368,039,891","1,262,736,140","547,926,448","9,610,839,200",,0,
Vanuatu,East Asia & Pacific,Lower middle income,"1,185",47.44,47.4,622.6824458,622.6824458,561.9329389,561.9329389,15.65,6.59,78,185.412109,78.10148577,921.1017899,392.9618768,29.1,29.1,278.5923754,278.5923754,114.3695015,114.3695015,5,4,90,21.11093887,16.31891944,355.5320185,15,4,81,132.7426396,36.19272355,732.339458,0,7,93,0,47.14233709,629.1601032,"1,578",Enterprise Surveys -- rescaled,Enterprise Surveys -- rescaled,"97,341,953","12,096,323","85,245,630",Predicted,"232,466,813","25,890,919","206,575,894","135,124,860","13,794,597","121,330,263","814,954,560",12,29,17,139,"6,644,891","7,149,706","24,725,373","96,604,890",,0,
"Venezuela, RB",Latin America & Caribbean,Upper middle income,"76,862",15.67,15.7,"64,815","64,815","12,046","12,046",25.41,11.40,63,"19,529","8,761","48,572","174,172",23.42,23.4,"133,378","133,378","40,793","40,793",12,10,78,"21,081","17,592","135,498",15,10,75,"29,728","19,336","149,130",22,12,66,"11,415","6,389","35,035","251,033",Original Gap analysis,Enterprise Surveys -- rescaled,"4,204,524,489","44,931,526","4,159,592,963",FAS,"161,518,717,150","27,647,206,609","133,871,510,541","157,314,192,661","27,602,275,084","129,711,917,578","371,336,642,560",1,44,42,"3,742","40,577,851","27,561,697,232","56,680,451,849","73,031,465,729",0.309,"72,227,617,365",45
Vietnam,East Asia & Pacific,Lower middle income,"5,523,320",1.00,1.0,"5,468,271","5,468,271","55,049","55,049",8.25,7.06,85,"455,896","390,057","4,677,367","124,680",32.08,32.1,"84,677","84,677","40,003","40,003",4,13,83,"5,597","15,793","103,290",4,14,82,"244,318","758,104","4,550,527",8,6,86,"7,211","5,810","82,031","5,648,000",Overall Economic Survey 2017 - General Statistical Office,Overall Economic Survey 2017 - General Statistical Office,"11,204,738,662","225,937,045","10,978,801,617",Predicted,"34,814,572,619","2,123,425,615","32,691,147,004","23,609,833,957","1,897,488,570","21,712,345,387","193,599,373,312",6,18,12,211,"1,224,753,443","672,735,127","4,946,010,736","16,766,334,651",0.144,"5,856,657,076",17
West Bank and Gaza,Middle East & North Africa,Lower middle income,"106,415",5.32,3.8,"100,758","102,362","5,657","4,053",10.99,16.35,73,"11,700","17,394","77,320","3,015",7.79,5.4,"2,780","2,854",234.9705483,161.2737987,2,14,84,55.65459667,433.8809316,"2,525",8,16,76,"8,271","16,769","78,498",0,7,93,0,438.7701705,"5,453","109,430",MSME Country Indicators 2014 (IFC),MSME Country Indicators 2014 (IFC),0,0,0,,0,0,0,0,0,0,,,,,,0,0,0,0,,0,
"Yemen, Rep.",Middle East & North Africa,Lower middle income,"385,827",1.14,1.1,"381,427","381,694","4,400","4,133",48.25,19.14,33,"186,162","73,834","125,831","14,408",4.6,1.3,"13,746","14,215",662.6016312,193.7797223,23,9,67,"3,378","1,353","9,678",38,16,46,"150,634","61,836","182,703",42,0,58,"2,129",0,"2,934","400,235",MSME Country Indicators 2014 (IFC),MSME Country Indicators 2014 (IFC),"698,632,009","98,293,066","600,338,943",Predicted,"19,667,846,625","661,712,480","19,006,134,145","18,969,214,616","563,419,414","18,405,795,202","35,954,503,680",2,55,53,"2,715","1,004,291","562,415,123","13,971,993,095","4,433,802,107",0.268,"7,200,796,305",37
Zambia,Sub-Saharan Africa,Lower middle income,"17,123",42.28,27.3,"9,883","12,446","7,240","4,677",31.48,38.18,30,"5,391","6,537","5,195","4,293",35.84,28.8,"2,755","3,059","1,539","1,235",26,13,61,"1,109",564.514271,"2,619",38,18,44,"4,761","2,280","5,597",13,34,52,"1,167","3,024","4,587","21,416",Enterprise Surveys -- rescaled,Enterprise Surveys -- rescaled,"1,552,991,438","8,056,374","1,544,935,064",Predicted,"5,240,595,841","769,748,396","4,470,847,444","3,687,604,402","761,692,022","2,925,912,380","21,201,563,648",7,25,17,237,"183,857,588","577,834,434","473,745,540","2,452,166,840",0.439,"4,100,929,722",78
Zimbabwe,Sub-Saharan Africa,Low income,"53,923",30.23,25.4,"37,625","40,240","16,298","13,683",36.13,35.49,28,"19,482","19,136","15,305","18,487",19.29,11.1,"14,921","16,430","3,566","2,057",27,42,31,"4,985","7,807","5,694",34,38,28,"17,773","19,904","14,869",23,44,34,"4,478","8,653","6,732","72,410",Enterprise Surveys -- rescaled,Enterprise Surveys -- rescaled,0,0,0,,"3,230,421,053","599,117,294","2,631,303,759",0,0,0,,,,,,0,0,0,0,0.627,"5,430,225,202",168
ALL DEVELOPING COUNTRIES,World,Various,"285,070,035",22.40,77.6,"221,212,776","222,577,735","63,857,259","62,492,300",20.26,21.01,59,"57,763,161","59,906,514","167,400,359","29,920,409",32.36,67.6,"20,237,782","20,368,154","9,682,628","9,552,255",32,12,57,"9,445,447","3,544,828","16,930,134",17,20,47,"47,667,007","58,408,576","135,374,974",24,15,61,"17,783,452","10,689,874","45,066,561","314,990,444",Various,Various,"3,858,757,518,255","164,790,932,297","3,693,966,585,958",Various,"8,670,641,288,879","771,364,943,630","7,688,407,198,286","4,808,833,424,220","611,446,984,347","4,138,561,904,968","26,281,617,482,656",15,33,18,125,"126,620,195,953","411,806,515,948","1,405,045,683,924","2,733,516,221,044",,"2,762,980,040,901",32
East Asia & Pacific,East Asia & Pacific,Various,"123,771,745",36.41,63.6,"78,701,402","78,708,577","45,070,342","45,063,167",11.89,7.83,24,"33,908,895","22,334,994","67,527,855","23,901,107",37.02,63.0,"15,053,451","15,078,779","8,847,657","8,822,329",27,8,45,"8,192,102","2,268,914","13,440,091",9,7,17,"24,386,257","19,618,879","49,749,717",27,12,61,"14,631,356","6,241,616","33,045,027","147,672,852",Various,Various,"2,739,583,760,568","38,950,425,267","2,700,633,335,301",Various,"4,905,453,632,173","211,755,799,107","4,540,004,507,736","2,165,558,978,007","174,449,213,045","1,950,330,859,301","12,334,480,044,832",22,40,18,79,"58,043,271,697","43,385,668,902","1,168,202,318,931","782,128,540,370",,"847,822,761,357",17
Europe & Central Asia,Europe & Central Asia,Various,"11,410,887",23.29,76.7,"8,753,345","9,365,735","2,657,542","2,045,152",0.55,0.53,3,"1,570,130","1,500,870","8,339,887","1,122,618",18.16,81.8,"918,796","975,410","203,822","147,208",1,0,3,"194,559","150,925","777,134",0,0,3,"1,265,673","1,186,627","7,219,841",14,15,72,"391,136","420,808","2,049,421","12,533,505",Various,Various,"502,170,398,367","98,354,350,193","403,816,048,174",Various,"1,247,806,049,763","235,899,498,056","1,000,340,959,019","745,635,651,396","140,360,733,412","604,012,816,101","3,855,509,076,736",13,32,19,148,"36,004,225,377","104,356,508,035","64,790,617,628","539,222,198,473",,"611,747,086,392",49
Latin America & Caribbean,Latin America & Caribbean,Various,"27,089,889",12.60,87.4,"23,677,461","23,677,461","3,412,428","3,412,428",0.94,1.06,8,"2,682,518","3,029,244","21,378,127","1,657,674",16.24,83.8,"1,388,466","1,388,466","269,208","269,208",0,1,4,"140,819","370,280","1,146,575",1,1,7,"2,216,532","4,136,893","18,712,503",14,16,70,"504,214","596,605","2,580,817","28,747,564",Various,Various,"346,975,591,318","17,625,215,332","329,350,375,987",Various,"1,391,469,901,952","123,727,024,300","1,227,637,067,817","1,044,494,310,633","106,795,951,901","924,499,909,848","5,150,932,821,056",7,27,20,301,"4,337,036,603","102,458,915,297","87,584,353,182","836,915,556,666",,"756,128,788,638",54
Middle East & North Africa,Middle East & North Africa,Various,"5,384,712",8.29,91.7,"4,938,234","5,013,561","446,478","371,151",0.36,0.27,1,"1,034,525","764,622","3,585,564","143,916",7.28,92.7,"133,441","135,288","10,474","8,628",0,0,0,"19,679","28,620","95,617",0,0,1,"746,307","652,537","3,672,832",20,9,71,"90,979","43,148","322,825","5,528,627",Various,Various,"34,734,845,865","3,101,979,152","31,632,866,712",Various,"221,034,107,941","60,313,184,468","160,720,923,473","186,299,262,076","57,211,205,315","129,088,056,761","764,923,669,632",5,29,24,536,"16,256,664,959","40,954,540,356","21,272,472,544","107,815,584,217",,"69,205,642,644",31
South Asia,South Asia,Various,"74,337,499",7.29,92.7,"68,920,160","69,371,282","5,417,339","4,966,216",4.62,5.32,16,"13,174,434","15,166,914","45,996,151","1,482,969",6.77,93.2,"1,382,628","1,406,062","100,341","76,907",1,1,2,"438,364","306,542","738,064",5,7,13,"13,572,797","19,191,606","37,538,385",19,13,68,"1,071,809","716,132","3,729,738","75,820,468",Various,Various,"165,618,844,550","5,174,514,074","160,444,330,476",Various,"501,181,773,295","51,360,676,813","449,821,096,482","335,562,928,745","46,186,162,739","289,376,766,006","2,662,951,471,232",6,19,13,203,"4,390,729,891","41,795,432,848","22,974,613,515","266,402,152,491",,"165,910,845,462",33
Sub-Saharan Africa,Sub-Saharan Africa,Various,"43,075,303",15.91,84.1,"36,222,173","36,441,118","6,853,130","6,634,185",1.89,6.00,7,"5,392,659","17,109,870","20,572,774","1,612,125",15.58,84.4,"1,360,998","1,384,149","251,126","227,976",2,1,2,"459,925","419,546","732,653",2,5,6,"5,479,441","13,622,034","18,481,696",15,38,47,"1,093,958","2,671,565","3,338,734","44,687,428",Various,Various,"69,674,077,587","1,584,448,279","68,089,629,308",Various,"403,695,823,756","88,308,760,886","309,882,643,760","331,282,293,364","86,443,717,936","241,253,496,952","1,512,820,399,168",5,27,22,475,"7,588,267,426","78,855,450,511","40,221,308,124","201,032,188,828",,"312,164,916,407",77
